"hostkey","name","description","department","size","weeks","unavailable","usertext1","usertext4","sharewith","avoidconcurrency","suitability"
"10863","Napier 108","108_Teaching Room","PROPSERV","30","4503599627370495","","`** Bookings relocated from former Napier 203 Tutorial Room (now a computer lab).`","","`+all`","",""
"10926","Darling West 204","204_Teaching Room","COORDINATOR","26","4503599627370495","`$fffffffffffff$:$7f$:$fffffffffff$:$0$:$1320$`","`Bradford College dedicated teaching space.`","","`PROPSERV`","",""
"10927","Hartley G05","G05_Teaching Room","COORDINATOR","26","4503599627370495","`$40$:$5f$:$fffffffffff$:$0$:$1320$`;`$40$:$20$:$ffff$:$0$:$480$`;`$40$:$20$:$f0000000000$:$1200$:$1320$`;`$8$:$3$:$ffff$:$0$:$480$`;`$8$:$7c$:$fffffffffff$:$0$:$1320$`;`$8$:$3$:$f0000000000$:$1200$:$1320$`;`$fffffffffffb7$:$7f$:$fffffffffff$:$0$:$1320$`","`Bradford College dedicated teaching space.  Ex Hughes 824a.`","","`PROPSERV`","",""
"10929","Hartley G28","G28_Teaching Room","COORDINATOR","26","4503599627370495","`$ffffffffffff0$:$7f$:$fffffffffff$:$0$:$1320$`;`$8$:$3$:$ffff$:$0$:$480$`;`$8$:$7c$:$fffffffffff$:$0$:$1320$`;`$8$:$3$:$f0000000000$:$1200$:$1320$`;`$1$:$1f$:$fffffffffff$:$0$:$1320$`","`University Senior College dedicated teaching space.  Ex 233 North Terrace G08.`","","`PROPSERV`","",""
"10930","Hartley G29","G29_Teaching Room","PROPSERV","18","4503599627370495","","`Relocated from Schulz 213.`","","`+all`","",""
"10823","Veterinary Science G08 Physiology Laboratory West","G08_Laboratory","SCHVETSCI","80","4503599627370495","","``","","`SCIFO`;`PROPSERV`;`SCINCESFO`;`SCIENCE`;`SCHAG&WINE`;`COORDINATOR`","",""
"10824","Veterinary Science G11 Anatomy Laboratory East","G11_Laboratory","SCHVETSCI","80","4503599627370495","","``","","`SCIFO`;`PROPSERV`;`SCINCESFO`;`SCIENCE`;`SCHAG&WINE`;`COORDINATOR`","",""
"10825","Veterinary Science G05","G05_Teaching Room","PROPSERV","30","4503599627370495","","``","","`+all`","`10848`",""
"10826","Veterinary Science G06","G06_Teaching Room","PROPSERV","30","4503599627370495","","``","","`+all`","`10848`",""
"10827","Veterinary Science G07","G07_Teaching Room","PROPSERV","30","4503599627370495","","``","","`+all`","`10848`",""
"10993","Horse Shed 1","External_Horse Shed 1","SCHVETSCI","70","4503599627370495","","``","","`PROPSERV`;`COORDINATOR`","",""
"10994","Horse Shed 2","External_Horse Shed 2","SCHVETSCI","70","4503599627370495","","``","","`PROPSERV`;`COORDINATOR`","",""
"10995","Horse Section Office","External_Horse Section Office","SCHVETSCI","70","4503599627370495","","``","","`PROPSERV`;`COORDINATOR`","",""
"10996","Horse Hay Shed 1","External_Horse Hay Shed 1","SCHVETSCI","70","4503599627370495","","``","","`PROPSERV`;`COORDINATOR`","",""
"10997","Horse Lunging Ring","External_Horse Lunging Ring","SCHVETSCI","70","4503599627370495","","``","","`PROPSERV`;`COORDINATOR`","",""
"10998","Poultry Office","External_Poultry Office","SCHVETSCI","70","4503599627370495","","``","","`PROPSERV`;`COORDINATOR`","",""
"10999","Poultry Shed Storage","External_Poultry Shed Storage","SCHVETSCI","70","4503599627370495","","``","","`PROPSERV`;`COORDINATOR`","",""
"11000","Poultry Broiler Shed","External_Poultry Broiler Shed","SCHVETSCI","70","4503599627370495","","``","","`PROPSERV`;`COORDINATOR`","",""
"11001","Poultry Layer Shed","External_Poultry Layer Shed","SCHVETSCI","70","4503599627370495","","``","","`PROPSERV`;`COORDINATOR`","",""
"11002","Poultry Metabolism Shed","External_Poultry Metabolism Shed","SCHVETSCI","70","4503599627370495","","``","","`PROPSERV`;`COORDINATOR`","",""
"11003","Piggery Dry Sow & Mating","External_Piggery Dry Sow & Mating","SCHVETSCI","70","4503599627370495","","``","","`PROPSERV`;`COORDINATOR`","",""
"11004","Piggery Farrowing Shed","External_Piggery Farrowing Shed","SCHVETSCI","70","4503599627370495","","``","","`PROPSERV`;`COORDINATOR`","",""
"11005","Piggery Grower & Finishing","External_Piggery Grower & Finishing","SCHVETSCI","70","4503599627370495","","``","","`PROPSERV`;`COORDINATOR`","",""
"11006","Piggery Office","External_Piggery Office","SCHVETSCI","70","4503599627370495","","``","","`PROPSERV`;`COORDINATOR`","",""
"11007","Piggery Weaner Shed","External_Piggery Weaner Shed","SCHVETSCI","70","4503599627370495","","``","","`PROPSERV`;`COORDINATOR`","",""
"11008","Piggery Workshop","External_Piggery Workshop","SCHVETSCI","70","4503599627370495","","``","","`PROPSERV`;`COORDINATOR`","",""
"11009","Piggery Eco Shelter 1","External_Piggery Eco Shelter 1","SCHVETSCI","70","4503599627370495","","``","","`PROPSERV`;`COORDINATOR`","",""
"11010","Piggery Eco Shelter 2","External_Piggery Eco Shelter 2","SCHVETSCI","70","4503599627370495","","``","","`PROPSERV`;`COORDINATOR`","",""
"11011","Piggery Eco Shelter 3","External_Piggery Eco Shelter 3","SCHVETSCI","70","4503599627370495","","``","","`PROPSERV`;`COORDINATOR`","",""
"11012","Piggery Eco Shelter 4","External_Piggery Eco Shelter 4","SCHVETSCI","70","4503599627370495","","``","","`PROPSERV`;`COORDINATOR`","",""
"11013","Piggery Eco Shelter 5","External_Piggery Eco Shelter 5","SCHVETSCI","70","4503599627370495","","``","","`PROPSERV`;`COORDINATOR`","",""
"11014","Cattle Yard Shelter 1","External_Cattle Yard Shelter 1","SCHVETSCI","70","4503599627370495","","``","","`PROPSERV`;`COORDINATOR`","",""
"11015","Cattle Yard Shelter 2","External_Cattle Yard Shelter 2","SCHVETSCI","70","4503599627370495","","``","","`PROPSERV`;`COORDINATOR`","",""
"11016","Shearing Shed","External_Shearing Shed","SCHVETSCI","70","4503599627370495","","``","","`PROPSERV`;`COORDINATOR`","",""
"11017","Animal Holding Facility","External_Animal Holding Facility","SCHVETSCI","70","4503599627370495","","``","","`PROPSERV`;`COORDINATOR`","",""
"11018","Agronomy Workshops","External_Agronomy Workshops","SCHVETSCI","70","4503599627370495","","``","","`PROPSERV`;`COORDINATOR`","",""
"11019","Store & Weighbridge","External_Store & Weighbridge","SCHVETSCI","70","4503599627370495","","``","","`PROPSERV`;`COORDINATOR`","",""
"11020","H9 Paddock","External_H9 Paddock","SCHVETSCI","70","4503599627370495","","``","","`PROPSERV`;`COORDINATOR`","",""
"11021","Equine ICU Barn","External_Equine ICU Barn","SCHVETSCI","70","4503599627370495","","``","","`PROPSERV`;`COORDINATOR`","",""
"11022","Equine Wards","External_Equine Wards","SCHVETSCI","70","4503599627370495","","``","","`PROPSERV`;`COORDINATOR`","",""
"11023","Equine Stalls","External_Equine Stalls","SCHVETSCI","70","4503599627370495","","``","","`PROPSERV`;`COORDINATOR`","",""
"11024","Bevan Park","External_Bevan Park","SCHVETSCI","70","4503599627370495","","``","","`PROPSERV`;`COORDINATOR`","",""
"11025","Gawler Harness Racing","External_Gawler Harness Racing","SCHVETSCI","70","4503599627370495","","``","","`PROPSERV`;`COORDINATOR`","",""
"11026","Breakwell G12 Laboratory","G12_Laboratory","SCHVETSCI","70","4503599627370495","","``","","`SCIFO`;`PROPSERV`;`SCINCESFO`;`SCIENCE`;`SCHAG&WINE`;`COORDINATOR`","",""
"10671","Barr Smith South 512 PASS Program","512_PASS Program","PROPSERV","25","4503599627370495","","``","","`COORDINATOR`","",""
"10145","Hartley 122a","122a_Meeting Room","WILTOYERLO","20","4503599627370495","","``","","`COORDINATOR`;`PROPSERV`","",""
"11104","Plant Genomics Centre 126 Meeting Room","126_Meeting Room","SCHAG&WINE","30","4503599627370495","","``","","`COORDINATOR`;`SCIENCE`;`PROPSERV`","`11106`","`$Type:Non Teaching Venue_12$:$0$`"
"11105","Plant Genomics Centre 127 Meeting Room","127_Meeting Room","SCHAG&WINE","45","4503599627370495","","``","","`COORDINATOR`;`SCIENCE`;`PROPSERV`","`11106`","`$Type:Non Teaching Venue_12$:$0$`"
"11106","Plant Genomics Centre 126/127 Meeting Room","126/127_Meeting Room","SCHAG&WINE","75","4503599627370495","","``","","`COORDINATOR`;`SCIENCE`;`PROPSERV`","`11104`;`11105`","`$Type:Non Teaching Venue_12$:$0$`"
"11107","Plant Genomics Centre 206 Board Room","206_Board Room","SCHAG&WINE","14","4503599627370495","","``","","`COORDINATOR`;`SCIENCE`;`PROPSERV`","","`$Type:Non Teaching Venue_12$:$0$`"
"10641","SANTOS Pet. Eng G04","G04_Teaching Room","PROPSERV","64","4503599627370495","","``","","`+all`","",""
"10643","SANTOS Pet. Eng 103 Computer Suite","103_Computer Suite","PETROL","20","4503599627370495","","``","","`PROPSERV`;`COORDINATOR`","",""
"10645","SANTOS Pet. Eng 106 Fluids & Drilling Laboratory","106_Laboratory","PETROL","28","4503599627370495","","``","","`PROPSERV`;`COORDINATOR`","",""
"10646","SANTOS Pet. Eng 107 Rock Properties Laboratory","107_Laboratory","PETROL","14","4503599627370495","","``","","`PROPSERV`;`COORDINATOR`","",""
"10861","115 Grenfell St 806","806_Teaching Room","P&CONTED","25","4503599627370495","","``","","`PROPSERV`;`COORDINATOR`","",""
"10751","Applied Sciences G06 Laboratory","G06_Laboratory","SCHAG&WINE","65","4503599627370495","","``","","`SCIFO`;`PUREMATHS`;`PROPSERV`;`APPLMATHS`;`SCHVETSCI`;`STATS`;`MATHSCI`;`SCHBIOSCI`;`SCINCESFO`;`SCIENCE`;`COORDINATOR`","",""
"10802","Eastick G01 Meeting Room","G01_Meeting Room","SCHAG&WINE","20","4503599627370495","","``","","`SCIFO`;`PROPSERV`;`SCHVETSCI`;`SCINCESFO`;`SCIENCE`;`COORDINATOR`","",""
"10738","115 Grenfell St 1101","1101_Teaching Room","P&CONTED","28","4503599627370495","","``","","`PROPSERV`;`EDUCS`;`COORDINATOR`","`10957`",""
"10739","115 Grenfell St 1102","1102_Teaching Room","P&CONTED","24","4503599627370495","","``","","`PROPSERV`;`EDUCS`;`COORDINATOR`","`10957`",""
"10741","115 Grenfell St 1104 Common Room","1104_Common Room","P&CONTED","28","4503599627370495","","``","","`PROPSERV`;`COORDINATOR`","",""
"10742","115 Grenfell St 1105 Computer Suite","1105_Computer Suite","P&CONTED","21","4503599627370495","","``","","`PROPSERV`;`COORDINATOR`","",""
"10743","115 Grenfell St 1106","1106_Teaching Room","P&CONTED","26","4503599627370495","","``","","`PROPSERV`;`COORDINATOR`","",""
"10744","115 Grenfell St 1107","1107_Teaching Room","P&CONTED","26","4503599627370495","","``","","`PROPSERV`;`COORDINATOR`","",""
"10745","115 Grenfell St 1108","1108_Teaching Room","P&CONTED","26","4503599627370495","","``","","`PROPSERV`;`COORDINATOR`","",""
"10746","115 Grenfell St 1109","1109_Teaching Room","P&CONTED","26","4503599627370495","","``","","`PROPSERV`;`COORDINATOR`","",""
"10747","115 Grenfell St 1110","1110_Teaching Room","P&CONTED","19","4503599627370495","","``","","`PROPSERV`;`COORDINATOR`","",""
"2026","External: Hub Central Forecourt","External_Non Teaching Venue","DVC&P","500","4503599627370495","","``","","`PROPSERV`;`COORDINATOR`","","`$Type:Non Teaching Venue_12$:$0$`"
"2027","External: Hub Central Student Kitchen Courtyard","External_Non Teaching Venue","DVC&P","500","4503599627370495","","``","","`PROPSERV`;`COORDINATOR`","","`$Type:Non Teaching Venue_12$:$0$`"
"10704","Physics 133 Laboratory","133_Laboratory","SCHPHYSCI","40","4503599627370495","","``","","`PROPSERV`;`COORDINATOR`","`10705`","`$Area:Science Physics$:$0$`"
"10705","Physics 132/133 Laboratory","132/133_Laboratory","SCHPHYSCI","60","4503599627370495","","``","","`PROPSERV`;`COORDINATOR`","`10704`;`10607`","`$Area:Science Physics$:$0$`"
"10634","Charles Hawker 204a Video Conference Room","204a_Video Conference Room","SCHAG&WINE","12","4503599627370495","","``","","`SCIFO`;`PUREMATHS`;`PROPSERV`;`APPLMATHS`;`SCHVETSCI`;`SCHBIOSCI`;`SCHPHYSCI`;`SCINCESFO`;`SCIENCE`;`COORDINATOR`","",""
"10375","Barr Smith South 1062","1062_Teaching Room","PROPSERV","30","4503599627370495","`$ff$:$7f$:$fffffffffff$:$0$:$1320$`","``","","`+all`","",""
"99997","External: Off Campus_3","External_Off Campus","PROPSERV","500","4503599627370495","","``","","`+all`","",""
"10872","Schulz 503a Recording Studio","503a_Recording Studio","ELDERCON","25","4503599627370495","","``","","`PROPSERV`;`COORDINATOR`","",""
"2023","External: Napier Foyer (GF) Courtyard & Undercroft","External_Non Teaching Venue","PROPSERV","500","4503599627370495","","``","","`+all`","","`$Type:Non Teaching Venue_12$:$0$`"
"10985","SADS Clinic Elizabeth","SADS_Clinic Elizabeth","DENTALSCH","12","4503599627370495","","``","","`PROPSERV`;`DENTISTRY`;`DENTALSCH`;`DENTAL`;`HEALTHSCI`;`HLTHSCFO`;`COORDINATOR`","",""
"10986","SADS Clinic Marion","SADS_Clinic Marion","DENTALSCH","12","4503599627370495","","``","","`PROPSERV`;`DENTISTRY`;`DENTALSCH`;`DENTAL`;`HEALTHSCI`;`HLTHSCFO`;`COORDINATOR`","",""
"10987","SADS Clinic Noarlunga","SADS_Clinic Noarlunga","DENTALSCH","6","4503599627370495","","``","","`PROPSERV`;`DENTISTRY`;`DENTALSCH`;`DENTAL`;`HEALTHSCI`;`HLTHSCFO`;`COORDINATOR`","",""
"10988","TAFE Clinic Gilles Plains","TAFE_Clinic Gilles Plains","DENTALSCH","6","4503599627370495","","``","","`PROPSERV`;`DENTISTRY`;`DENTALSCH`;`DENTAL`;`HEALTHSCI`;`HLTHSCFO`;`COORDINATOR`","",""
"10781","Schulz 408 Computer Suite","408_Computer Suite","MEDIA","30","4503599627370495","","``","","`COORDINATOR`;`PROPSERV`;`ELDERCON`;`SCHHUMS`","",""
"10780","Engineering & Math EM319 Junior Electronics Laboratory","EM319_Laboratory","ELECENG","38","4503599627370495","","``","","`PROPSERV`;`COORDINATOR`","`10920`",""
"10786","Ingkarni Wardli B15 CAT Suite 1","B15_CAT Suite","ENG&MATHS","44","4503599627370495","","``","","`PUREMATHS`;`PROPSERV`;`MECHENG`;`COMPSCI`;`CIV&ENVENG`;`CHEMENG`;`APPLMATHS`;`ELECENG`;`STATS`;`MATHSCI`;`PETROL`;`COORDINATOR`","",""
"10787","Ingkarni Wardli B16 CAT Suite 2","B16_CAT Suite","ENG&MATHS","48","4503599627370495","","``","","`PUREMATHS`;`PROPSERV`;`MECHENG`;`COMPSCI`;`CIV&ENVENG`;`CHEMENG`;`APPLMATHS`;`ELECENG`;`STATS`;`MATHSCI`;`PETROL`;`COORDINATOR`","",""
"10788","Ingkarni Wardli B23 CAT Suite 3","B23_CAT Suite","ENG&MATHS","36","4503599627370495","","``","","`PUREMATHS`;`PROPSERV`;`MECHENG`;`COMPSCI`;`CIV&ENVENG`;`CHEMENG`;`APPLMATHS`;`ELECENG`;`STATS`;`MATHSCI`;`PETROL`;`COORDINATOR`","",""
"10789","Ingkarni Wardli B24 CAT Suite 4","B24_CAT Suite","ENG&MATHS","32","4503599627370495","","``","","`PUREMATHS`;`PROPSERV`;`MECHENG`;`COMPSCI`;`CIV&ENVENG`;`CHEMENG`;`APPLMATHS`;`ELECENG`;`STATS`;`MATHSCI`;`PETROL`;`COORDINATOR`","",""
"10790","Ingkarni Wardli G22 CAT Suite 5","G22_CAT Suite","ENG&MATHS","70","4503599627370495","","``","","`PUREMATHS`;`PROPSERV`;`MECHENG`;`COMPSCI`;`CIV&ENVENG`;`CHEMENG`;`APPLMATHS`;`ELECENG`;`STATS`;`MATHSCI`;`PETROL`;`COORDINATOR`","",""
"10791","Ingkarni Wardli 218 Collaborative Teaching Suite","218_Teaching Room","PROPSERV","84","4503599627370495","","``","","`+all`","",""
"10792","Ingkarni Wardli 234 CAT Suite 6","234_CAT Suite","ENG&MATHS","32","4503599627370495","","``","","`PUREMATHS`;`PROPSERV`;`MECHENG`;`COMPSCI`;`CIV&ENVENG`;`CHEMENG`;`APPLMATHS`;`ELECENG`;`STATS`;`MATHSCI`;`PETROL`;`COORDINATOR`","",""
"10793","Ingkarni Wardli 235 CAT Suite 7","235_CAT Suite","ENG&MATHS","31","4503599627370495","","``","","`PUREMATHS`;`PROPSERV`;`MECHENG`;`COMPSCI`;`CIV&ENVENG`;`CHEMENG`;`APPLMATHS`;`ELECENG`;`STATS`;`MATHSCI`;`PETROL`;`ELDERCON`;`COORDINATOR`","",""
"10794","Ingkarni Wardli 236 CAT Suite 8","236_CAT Suite","ENG&MATHS","32","4503599627370495","","``","","`PUREMATHS`;`PROPSERV`;`MECHENG`;`COMPSCI`;`CIV&ENVENG`;`CHEMENG`;`APPLMATHS`;`ELECENG`;`STATS`;`MATHSCI`;`PETROL`;`COORDINATOR`","",""
"10795","Ingkarni Wardli B17","B17_Teaching Room","PROPSERV","56","4503599627370495","","``","","`+all`","",""
"10796","Ingkarni Wardli B18","B18_Teaching Room","PROPSERV","91","4503599627370495","","``","","`+all`","",""
"11029","AHMS 1059a Lecture Theatre","1059a_Lecture Theatre","PROPSERV","104","4503599627370495","","``","","`+all`","`11030`",""
"11030","AHMS 1059a/1059b Lecture Theatre Combined","1059a&b_Lecture Theatre Combined","PROPSERV","208","4503599627370495","","``","","`+all`","`11029`;`11031`",""
"11031","AHMS 1059b Lecture Theatre","1059b_Lecture Theatre","PROPSERV","104","4503599627370495","","``","","`+all`","`11030`",""
"11032","AHMS 1061","1061_Teaching Room","HEALTHSCI","80","4503599627370495","","``","","`+all`","",""
"11033","AHMS 1068","1068_Teaching Room","PROPSERV","30","4503599627370495","","``","","`COORDINATOR`;`HEALTHSCI`;`MEDICINE`;`PUBLICHLTH`;`PSYCHOLOGY`;`CLINNURSE`;`GENPRAC`;`DENTISTRY`;`DENTALSCH`;`CMVH`;`SURGSPEC`;`PAED&REPRO`;`ORALHLTH`;`MEDSPEC`;`MEDSCI`;`DENTAL`;`SCHPSYCHOL`;`SCHPHCP`;`SCHMEDIC`;`SCHBIOSCI`;`REPROD MED`;`YPIHU`;`RURALHLTH`;`HLTHSCFO`","",""
"11034","AHMS 2050 Simulation Suite 1","2050_Simulation Suite 1","HEALTHSCI","36","4503599627370495","","``","","`COORDINATOR`;`MEDICINE`;`PUBLICHLTH`;`PSYCHOLOGY`;`PROPSERV`;`CLINNURSE`;`GENPRAC`;`DENTISTRY`;`DENTALSCH`;`CMVH`;`SURGSPEC`;`PAED&REPRO`;`ORALHLTH`;`MEDSPEC`;`MEDSCI`;`DENTAL`;`SCHPSYCHOL`;`SCHPHCP`;`SCHMEDIC`;`REPROD MED`;`YPIHU`;`RURALHLTH`;`HLTHSCFO`","",""
"11041","AHMS 2069 Hospital Sim Suite 1a","2069_Hospital Sim Suite 1a","HEALTHSCI","12","4503599627370495","","``","","`COORDINATOR`;`HEALTHSCI`;`MEDICINE`;`PUBLICHLTH`;`PSYCHOLOGY`;`PROPSERV`;`CLINNURSE`;`GENPRAC`;`DENTISTRY`;`DENTALSCH`;`CMVH`;`SURGSPEC`;`PAED&REPRO`;`ORALHLTH`;`MEDSPEC`;`MEDSCI`;`DENTAL`;`SCHPSYCHOL`;`SCHPHCP`;`SCHMEDIC`;`REPROD MED`;`YPIHU`;`RURALHLTH`;`HLTHSCFO`","`11042`",""
"11042","AHMS 2069/2070 Hospital Sim Suite 1a&b","2069/2070_Hospital Sim Suite 1a&b","HEALTHSCI","24","4503599627370495","","``","","`COORDINATOR`;`HEALTHSCI`;`MEDICINE`;`PUBLICHLTH`;`PSYCHOLOGY`;`PROPSERV`;`CLINNURSE`;`GENPRAC`;`DENTISTRY`;`DENTALSCH`;`CMVH`;`SURGSPEC`;`PAED&REPRO`;`ORALHLTH`;`MEDSPEC`;`MEDSCI`;`DENTAL`;`SCHPSYCHOL`;`SCHPHCP`;`SCHMEDIC`;`REPROD MED`;`YPIHU`;`RURALHLTH`;`HLTHSCFO`","`11041`;`11045`",""
"11045","AHMS 2070 Hospital Sim Suite 1b","2070_Hospital Sim Suite 1b","HEALTHSCI","12","4503599627370495","","``","","`COORDINATOR`;`HEALTHSCI`;`MEDICINE`;`PUBLICHLTH`;`PSYCHOLOGY`;`PROPSERV`;`CLINNURSE`;`GENPRAC`;`DENTISTRY`;`DENTALSCH`;`CMVH`;`SURGSPEC`;`PAED&REPRO`;`ORALHLTH`;`MEDSPEC`;`MEDSCI`;`DENTAL`;`SCHPSYCHOL`;`SCHPHCP`;`SCHMEDIC`;`REPROD MED`;`YPIHU`;`RURALHLTH`;`HLTHSCFO`","`11042`",""
"11048","AHMS 2071 Hospital Sim Suite 2a","2071_Hospital Sim Suite 2a","HEALTHSCI","12","4503599627370495","","``","","`COORDINATOR`;`HEALTHSCI`;`MEDICINE`;`PUBLICHLTH`;`PSYCHOLOGY`;`PROPSERV`;`CLINNURSE`;`GENPRAC`;`DENTISTRY`;`DENTALSCH`;`CMVH`;`SURGSPEC`;`PAED&REPRO`;`ORALHLTH`;`MEDSPEC`;`MEDSCI`;`DENTAL`;`SCHPSYCHOL`;`SCHPHCP`;`SCHMEDIC`;`REPROD MED`;`YPIHU`;`RURALHLTH`;`HLTHSCFO`","`11049`",""
"11049","AHMS 2071/2072 Hospital Sim Suite 2a&2b","2071/2072_Hospital Sim Suite 2a&2b","HEALTHSCI","24","4503599627370495","","``","","`COORDINATOR`;`HEALTHSCI`;`MEDICINE`;`PUBLICHLTH`;`PSYCHOLOGY`;`PROPSERV`;`CLINNURSE`;`GENPRAC`;`DENTISTRY`;`DENTALSCH`;`CMVH`;`SURGSPEC`;`PAED&REPRO`;`ORALHLTH`;`MEDSPEC`;`MEDSCI`;`DENTAL`;`SCHPSYCHOL`;`SCHPHCP`;`SCHMEDIC`;`REPROD MED`;`YPIHU`;`RURALHLTH`;`HLTHSCFO`","`11048`;`11052`",""
"11052","AHMS 2072 Hospital Sim Suite 2b","2072_Hospital Sim Suite 2b","HEALTHSCI","12","4503599627370495","","``","","`COORDINATOR`;`HEALTHSCI`;`MEDICINE`;`PUBLICHLTH`;`PSYCHOLOGY`;`PROPSERV`;`CLINNURSE`;`GENPRAC`;`DENTISTRY`;`DENTALSCH`;`CMVH`;`SURGSPEC`;`PAED&REPRO`;`ORALHLTH`;`MEDSPEC`;`MEDSCI`;`DENTAL`;`SCHPSYCHOL`;`SCHPHCP`;`SCHMEDIC`;`REPROD MED`;`YPIHU`;`RURALHLTH`;`HLTHSCFO`","`11049`",""
"11055","AHMS 2075","2075_Teaching Room","PROPSERV","11","4503599627370495","","``","","`+all`","",""
"11056","AHMS 2076","2076_Teaching Room","PROPSERV","11","4503599627370495","","``","","`+all`","",""
"11057","AHMS 2077","2077_Teaching Room","PROPSERV","11","4503599627370495","","``","","`+all`","",""
"11058","AHMS 2078","2078_Teaching Room","PROPSERV","11","4503599627370495","","``","","`+all`","",""
"11059","AHMS 2081 Simulation Suite 2","2081_Simulation Suite 2","HEALTHSCI","36","4503599627370495","","``","","`COORDINATOR`;`MEDICINE`;`PUBLICHLTH`;`PSYCHOLOGY`;`PROPSERV`;`CLINNURSE`;`GENPRAC`;`DENTISTRY`;`DENTALSCH`;`CMVH`;`SURGSPEC`;`PAED&REPRO`;`ORALHLTH`;`MEDSPEC`;`MEDSCI`;`DENTAL`;`SCHPSYCHOL`;`SCHPHCP`;`SCHMEDIC`;`REPROD MED`;`YPIHU`;`RURALHLTH`;`HLTHSCFO`","",""
"11067","AHMS 3066","3066_Teaching Room","PROPSERV","40","4503599627370495","","``","","`+all`","",""
"11068","AHMS 4050a","4050a_Teaching Room","PROPSERV","30","4503599627370495","","``","","`+all`","`11069`",""
"11069","AHMS 4050a/4050b","4050a&b_Teaching Room","PROPSERV","60","4503599627370495","","``","","`+all`","`11068`;`11070`",""
"11070","AHMS 4050b","4050b_Teaching Room","PROPSERV","30","4503599627370495","","``","","`+all`","`11069`",""
"11071","AHMS 5052a","5052a_Teaching Room","PROPSERV","16","4503599627370495","","``","","`+all`","`11072`",""
"11072","AHMS 5052a/5052b","5052a&b_Teaching Room","PROPSERV","32","4503599627370495","","``","","`+all`","`11071`;`11073`",""
"11073","AHMS 5052b","5052b_Teaching Room","PROPSERV","16","4503599627370495","","``","","`+all`","`11072`",""
"11074","AHMS 6052a","6052a_Teaching Room","PROPSERV","16","4503599627370495","","``","","`+all`","`11075`",""
"11075","AHMS 6052a/6052b","6052a&b_Teaching Room","PROPSERV","32","4503599627370495","","``","","`+all`","`11074`;`11076`",""
"11076","AHMS 6052b","6052b_Teaching Room","PROPSERV","16","4503599627370495","","``","","`+all`","`11075`",""
"11077","AHMS 7052a","7052a_Teaching Room","PROPSERV","16","4503599627370495","","``","","`+all`","`11078`",""
"11078","AHMS 7052a/7052b","7052a&b_Teaching Room","PROPSERV","32","4503599627370495","","``","","`+all`","`11077`;`11079`",""
"11079","AHMS 7052b","7052b_Teaching Room","PROPSERV","16","4503599627370495","","``","","`+all`","`11078`",""
"11080","AHMS 8052a","8052a_Teaching Room","PROPSERV","16","4503599627370495","","``","","`+all`","`11081`",""
"11081","AHMS 8052a/8052b","8052a&b_Teaching Room","PROPSERV","32","4503599627370495","","``","","`+all`","`11080`;`11082`",""
"11082","AHMS 8052b","8052b_Teaching Room","PROPSERV","16","4503599627370495","","``","","`+all`","`11081`",""
"11083","AHMS G030 Lecture Theatre 1","G030_Lecture Theatre 1","PROPSERV","240","4503599627370495","","``","","`+all`","",""
"11084","AHMS G033 Joe Verco Lecture Theatre 2","G033_Lecture Theatre 2","PROPSERV","90","4503599627370495","","``","","`+all`","",""
"10844","Veterinary Science G31 Necropsy Laboratory","G31_Laboratory","SCHVETSCI","70","4503599627370495","","``","","`SCIFO`;`PROPSERV`;`SCINCESFO`;`SCIENCE`;`SCHAG&WINE`;`COORDINATOR`","",""
"10845","Veterinary Science G45 Microscopy Laboratory","G45_Laboratory","SCHVETSCI","10","4503599627370495","","``","","`SCIFO`;`PROPSERV`;`SCINCESFO`;`SCIENCE`;`SCHAG&WINE`;`COORDINATOR`","",""
"10846","Veterinary Science G73 Surgical Preparation Room","G73_Laboratory","SCHVETSCI","20","4503599627370495","","``","","`SCIFO`;`PROPSERV`;`SCINCESFO`;`SCIENCE`;`SCHAG&WINE`;`COORDINATOR`","",""
"10847","Veterinary Science G96 Radiology Room","G96_Laboratory","SCHVETSCI","10","4503599627370495","","``","","`SCIFO`;`PROPSERV`;`SCINCESFO`;`SCIENCE`;`SCHAG&WINE`;`COORDINATOR`","",""
"2007","External: Flentje Foyer","External_Non Teaching Venue","PROPSERV","500","4503599627370495","","``","","`+all`","","`$Type:Non Teaching Venue_12$:$0$`"
"10801","Ingkarni Wardli 462 BCS Software Engineering Lab","462_Computer Suite","ENG&MATHS","42","4503599627370495","","``","","`PROPSERV`;`COMPSCI`;`COORDINATOR`","",""
"10674","Engineering Sth S225 Sports Laboratory","S225_Laboratory","ENGMATHFO","75","4503599627370495","","``","","`MEDICINE`;`PROPSERV`;`MECHENG`;`COORDINATOR`","",""
"10732","Callaghan G19","G19_Teaching Room","PROPSERV","20","4503599627370495","","``","","`+all`","",""
"10687","Napier 204","204_Teaching Room","PROPSERV","17","4503599627370495","","``","","`+all`","",""
"10688","Napier 205","205_Teaching Room","PROPSERV","30","4503599627370495","","``","","`+all`","",""
"10685","Napier 202 Computer Suite","202_Computer Suite","HUM&SOCSCI","19","4503599627370495","","``","","`COORDINATOR`;`PHILOSOPHY`;`H&SSFO`;`SOCIALINQ`;`PROPSERV`;`ASIANSTD`;`ANTHROPLGY`;`POLITICS`;`HISTORY`;`GEOG&ENV`;`ENGLISH`;`LOP`;`ARTS`;`SPANISH`;`MEDIA`;`LINGUISTIC`;`GERMANSTUD`;`FRENCHSTUD`;`CLASSICS`;`SCHSOCSCI`;`SCHHUMS`;`EDUCS`","",""
"10935","Charles Hawker 115 Kitchen & Foyer","115_Kitchen & Foyer","SCHAG&WINE","50","4503599627370495","","``","","`PROPSERV`;`SCIENCE`;`COORDINATOR`","",""
"2025","External: Nexus10 Foyer (GF)","External_Non Teaching Venue","PROPSERV","500","4503599627370495","","``","","`+all`","","`$Type:Non Teaching Venue_12$:$0$`"
"10772","Hartley 122","122_Teaching Room","PROPSERV","20","4503599627370495","","``","","`+all`","",""
"10757","Callaghan G04","G04_Teaching Room","PROPSERV","16","4503599627370495","","``","","`+all`","",""
"10758","Callaghan G11","G11_Teaching Room","PROPSERV","16","4503599627370495","","``","","`+all`","",""
"10759","Callaghan G14","G14_Teaching Room","PROPSERV","16","4503599627370495","","``","","`+all`","",""
"10760","Callaghan G20","G20_Teaching Room","PROPSERV","16","4503599627370495","","``","","`+all`","",""
"10761","Callaghan G22","G22_Teaching Room","PROPSERV","16","4503599627370495","","``","","`+all`","",""
"10762","Applied Sciences G03","G03_Teaching Room","PROPSERV","30","4503599627370495","","``","","`+all`","",""
"10928","Hartley G06","G06_Teaching Room","COORDINATOR","16","4503599627370495","`$40$:$5f$:$fffffffffff$:$0$:$1320$`;`$40$:$20$:$ffff$:$0$:$480$`;`$40$:$20$:$f0000000000$:$1200$:$1320$`;`$8$:$3$:$ffff$:$0$:$480$`;`$8$:$7c$:$fffffffffff$:$0$:$1320$`;`$8$:$3$:$f0000000000$:$1200$:$1320$`;`$fffffffffffb7$:$7f$:$fffffffffff$:$0$:$1320$`","`Bradford College dedicated teaching space.  Ex Hughes 724.`","","`PROPSERV`","",""
"10859","Corridor G14/G15 Meeting Room","G14/G15_Meeting Room","SCHAG&WINE","10","4503599627370495","","``","","`SCIFO`;`PROPSERV`;`SCHVETSCI`;`SCINCESFO`;`SCIENCE`;`COORDINATOR`","",""
"2015","External: Medical School North Courtyard","External_Non Teaching Venue","MEDICINE","500","4503599627370495","","``","","`PROPSERV`;`HEALTHSCI`;`HLTHSCFO`;`COORDINATOR`","","`$Type:Non Teaching Venue_12$:$0$`"
"10931","228 North Tce G08a Radio Adelaide","G08a_Radio Adelaide","MEDIA","24","4503599627370495","","``","","`PROPSERV`;`COORDINATOR`","",""
"10958","Poultry Office & Egg Handling","External_Poultry Office & Egg","SCHVETSCI","70","4503599627370495","","``","","`PROPSERV`;`COORDINATOR`","",""
"10959","Piggery Nutrition Shed","External_Piggery Nutrition Shed","SCHVETSCI","70","4503599627370495","","``","","`PROPSERV`;`COORDINATOR`","",""
"10960","Horse Stables 1","External_Horse Stables 1","SCHVETSCI","70","4503599627370495","","``","","`PROPSERV`;`COORDINATOR`","",""
"10961","Horse Stables 2","External_Horse Stables 2","SCHVETSCI","70","4503599627370495","","``","","`PROPSERV`;`COORDINATOR`","",""
"10963","Production Animal Clinic B9 General Area","B9_General Area","SCHVETSCI","15","4503599627370495","","``","","`PROPSERV`;`COORDINATOR`","",""
"10964","Production Animal Health Centre G09","G09_Teaching Room","PROPSERV","15","4503599627370495","","``","","`COORDINATOR`;`PROPSERV`;`SCHVETSCI`","",""
"10965","Equine Health Centre G32 Surgical Viewing","G32_Surgical Viewing","SCHVETSCI","15","4503599627370495","","``","","`PROPSERV`;`COORDINATOR`","",""
"10966","Equine Health Centre G50 Surgical Viewing","G50_Surgical Viewing","SCHVETSCI","15","4503599627370495","","``","","`PROPSERV`;`COORDINATOR`","",""
"10967","Equine Health Centre G60 Surgical Viewing","G60_Surgical Viewing","SCHVETSCI","15","4503599627370495","","``","","`PROPSERV`;`COORDINATOR`","",""
"2029","External: Medical School North Foyer (Gnd Floor)","External_Non Teaching Venue","PROPSERV","500","4503599627370495","","``","","`+all`","","`$Type:Non Teaching Venue_12$:$0$`"
"10698","Hughes 526","526_Teaching Room","PROPSERV","49","4503599627370495","","``","","`+all`","",""
"11091","Engineering Sth S237 Structures and Materials Lab","S237_Structures and Mat Lab","MECHENG","24","4503599627370495","","``","","`COORDINATOR`;`PROPSERV`;`MECHENG`","",""
"15001","ExamOnly: Sepang IT","SI_Sepang IT","PROPSERV","1500","4503599627370495","","``","","`COORDINATOR`","","`$Type:Non Teaching Venue_12$:$0$`"
"11102","Medical School Sth S333a","S333a_Teaching Room","PAED&REPRO","20","4503599627370495","","`Patricia Grant approved General Practice course to be taught in the room. Public Health and General Practice added on 1st February`","","`COORDINATOR`;`HEALTHSCI`;`MEDICINE`;`PUBLICHLTH`;`PROPSERV`;`PAED&REPRO`;`ORALHLTH`;`MEDSCI`;`HLTHSCFO`","`10936`",""
"11103","Medical School Sth S333b","S333b_Meeting Room","PAED&REPRO","40","4503599627370495","","`Patricia Grant approved General Practice course to be taught in the room. Public Health and General Practice added on 1st February`","","`COORDINATOR`;`HEALTHSCI`;`MEDICINE`;`PUBLICHLTH`;`PROPSERV`;`PAED&REPRO`;`ORALHLTH`;`MEDSCI`;`HLTHSCFO`","`10936`",""
"10470","Charles Hawker 105","105_Teaching Room","PROPSERV","20","4503599627370495","","``","","`+all`","",""
"10471","Charles Hawker 106","106_Teaching Room","PROPSERV","20","4503599627370495","","``","","`+all`","",""
"2022","External: Kintore Avenue Fence","External_Non Teaching Venue","PROPSERV","1","4503599627370495","","``","","`+all`","","`$Type:Non Teaching Venue_12$:$0$`"
"10938","Ligertwood 111","111_Teaching Room","PROPSERV","30","4503599627370495","","``","","`+all`","",""
"10939","Ligertwood 112","112_Teaching Room","PROPSERV","30","4503599627370495","","`Updated room access for Faculty of Professions - 21/10/2016`","","`+all`","",""
"10940","Ligertwood 113","113_Teaching Room","PROPSERV","42","4503599627370495","","`Updated room access for Faculty of Professions - 21/10/2016`","","`+all`","",""
"10669","Barr Smith South 509 LArch 4th Year Studio","509_Studio","ARCH&URBD","28","4503599627370495","","``","","`PROPSERV`;`ARCH&URBD`;`COORDINATOR`","",""
"10670","Barr Smith South 510 LArch 5th Year Studio","510_Studio","ARCH&URBD","28","4503599627370495","","``","","`PROPSERV`;`ARCH&URBD`;`GEOG&ENV`;`COORDINATOR`","",""
"10672","Barr Smith South 513 Design Studio","513_Studio","ARCH&URBD","25","4503599627370495","","``","","`PROPSERV`;`COORDINATOR`","",""
"10673","Barr Smith South 528 Design Studio East","528_Studio","ARCH&URBD","50","4503599627370495","","``","","`PROPSERV`;`ARCH&URBD`;`COORDINATOR`","",""
"15003","ExamOnly: Ridley Centre","RC_Ridley Centre","PROPSERV","1500","4503599627370495","","``","","`COORDINATOR`","","`$Type:Non Teaching Venue_12$:$0$`"
"10970","Maritime Skills Centre (Osborne)","External_Maritime Skills Centre","PROPSERV","9999","4503599627370495","","``","","`+all`","",""
"99996","External: Off Campus_4","External_Off Campus","PROPSERV","500","4503599627370495","","``","","`+all`","",""
"10971","Advocacy Coaching Clinic","External_Advocacy Coaching Clinic","LAWS","9999","4503599627370495","","``","","`PROPSERV`;`COORDINATOR`","",""
"10972","District Court of SA (Samuel Way Bldg)","External_District Court of SA","LAWS","9999","4503599627370495","","``","","`PROPSERV`;`COORDINATOR`","",""
"10973","Industrial Relations Commission SA (Riverside Ctr)","External_Industrial Relations Comm SA","LAWS","9999","4503599627370495","","``","","`PROPSERV`;`COORDINATOR`","",""
"11092","Charles Hawker G22","G22_Teaching Room","SCHAG&WINE","40","4503599627370495","","``","","`+all`","",""
"10937","Leske G18 Computer Suite","G18_Computer Suite","SCHAG&WINE","62","4503599627370495","","``","","`SCIFO`;`PUREMATHS`;`PROPSERV`;`APPLMATHS`;`SCHVETSCI`;`STATS`;`MATHSCI`;`SCINCESFO`;`SCIENCE`;`COORDINATOR`","",""
"10866","Wine Innovation Central 431 Meeting Room","431_Meeting Room","SCHAG&WINE","12","4503599627370495","","``","","`PROPSERV`;`COORDINATOR`","","`$Type:Non Teaching Venue_12$:$0$`"
"10921","The Braggs 313 Meeting Room","313_Meeting Room","SCIENCE","12","4503599627370495","","``","","`PROPSERV`;`SCHVETSCI`;`SCHBIOSCI`;`SCHPHYSCI`;`SCHAG&WINE`;`COORDINATOR`","`10923`","`$Type:Non Teaching Venue_12$:$0$`"
"10922","The Braggs 314 Meeting Room","314_Meeting Room","SCIENCE","12","4503599627370495","","``","","`PROPSERV`;`SCHVETSCI`;`SCHBIOSCI`;`SCHPHYSCI`;`SCHAG&WINE`;`COORDINATOR`","`10923`","`$Type:Non Teaching Venue_12$:$0$`"
"10923","The Braggs 313/314 Meeting Room Combined","313/314_Meeting Room","SCIENCE","24","4503599627370495","","``","","`PROPSERV`;`SCHVETSCI`;`SCHBIOSCI`;`SCHPHYSCI`;`SCHAG&WINE`;`COORDINATOR`","`10921`;`10922`","`$Type:Non Teaching Venue_12$:$0$`"
"10924","Darling West 104","104_Teaching Room","PROPSERV","30","4503599627370495","","``","","`+all`","","`$Area:Science Physics$:$0$`"
"10936","Medical School Sth S333a/S333b","S333a&b_Meeting Room","PAED&REPRO","60","4503599627370495","","`Patricia Grant approved General Practice course to be taught in the room. Public Health and General Practice added on 1st February`","","`COORDINATOR`;`HEALTHSCI`;`MEDICINE`;`PUBLICHLTH`;`PROPSERV`;`PAED&REPRO`;`ORALHLTH`;`MEDSCI`;`HLTHSCFO`","`11102`;`11103`",""
"10783","Nexus10 217 Computer Suite 2","217_Computer Suite","PROFESSION","28","4503599627370495","`$fffffffffffff$:$c$:$fffffffffff$:$0$:$1320$`","``","","`COORDINATOR`;`PROPSERV`;`ARCH&URBD`;`LAWS`;`IBEL`;`BUSSCH`;`ICFS`;`SCHAG&WINE`;`PROFFO`;`EDUCS`;`ECONOMICSS`;`ECIC`","",""
"10784","Marjoribanks 128 BankSA Teaching Suite","128_BankSA Teaching Suite","PROPSERV","35","4503599627370495","","`Added ECIC to room Share 15/10/2015`","","`+all`","",""
"10785","Marjoribanks 126 SANTOS Lecture Theatre","126_SANTOS Lecture Theatre","PROPSERV","60","4503599627370495","","`Added ECIC to room Share 15/10/2015`","","`+all`","",""
"2024","External: Napier Foyer (L1)","External_Non Teaching Venue","PROPSERV","500","4503599627370495","","``","","`+all`","","`$Type:Non Teaching Venue_12$:$0$`"
"15002","ExamOnly: Wayville Pavilion","01_Wayville Pavilion","PROPSERV","1760","4503599627370495","","``","","`COORDINATOR`","","`$Type:Non Teaching Venue_12$:$0$`"
"10635","Engineering Nth NG15 Biotech Laboratory","NG15_Laboratory","CHEMENG","40","4503599627370495","","``","","`PROPSERV`;`CHEMENG`;`COORDINATOR`","",""
"11027","Schulz 601","601_Teaching Room","CASM","10","4503599627370495","","``","","`WILTOYERLO`;`PROPSERV`;`ELDERCON`;`COORDINATOR`","",""
"11089","Darling West B03 Laboratory 1","B03_Laboratory","SCHPHYSCI","18","4503599627370495","`$fffffffffffff$:$7f$:$fffffffffff$:$0$:$1320$`","``","","`COORDINATOR`;`PROPSERV`","",""
"11090","Darling West B04 PASS Teaching","B04_PASS Teaching","PROPSERV","18","4503599627370495","`$fffffffffffff$:$7f$:$fffffffffff$:$0$:$1320$`","``","","`COORDINATOR`;`PROPSERV`;`MECHENG`","",""
"10750","Barr Smith South 539 Architecture Computer Suite","539_Computer Suite","ARCH&URBD","53","4503599627370495","","``","","`PROPSERV`;`BUSSCH`;`COORDINATOR`","",""
"10871","Information Centre G03","G03_Teaching Room","PROPSERV","200","4503599627370495","","``","","`SCIFO`;`SCHVETSCI`;`SCINCESFO`;`SCIENCE`;`SCHAG&WINE`;`COORDINATOR`","",""
"10800","Engineering Nth N126b Pharmaceutical Laboratory","N126b_Laboratory","CHEMENG","20","4503599627370495","","``","","`PROPSERV`;`COORDINATOR`","",""
"10835","Ingkarni Wardli 715 Conference Room","715_Conference Room","DVC&P","50","4503599627370495","","``","","`PROPSERV`;`COORDINATOR`","",""
"10632","Williams G31a/G31b NRAB","G31a/G31b_Teaching Room","PROPSERV","63","4503599627370495","","``","","`+all`","`10531`;`10532`",""
"10633","Callaghan G18a&b","G18a&b_Teaching Room","PROPSERV","100","4503599627370495","","``","","`+all`","`10525`;`10526`",""
"10951","Union House 232 Little Theatre","232_Little Theatre","PROPSERV","110","4503599627370495","","``","","`COORDINATOR`","",""
"11108","Union House 432 Margaret Murray Function Room","432_Margaret Murray Function Room","DVC&P","80","4503599627370495","","``","","`COORDINATOR`;`PROPSERV`","",""
"11109","Union House 605 Rumours Function Room","605_Rumours Function Room","DVC&P","200","4503599627370495","","``","","`COORDINATOR`;`PROPSERV`","",""
"11110","Union House 432c WP Rogers Function Room","432c_WP Rogers Function Room","DVC&P","40","4503599627370495","","``","","`COORDINATOR`;`PROPSERV`","",""
"11111","Union House 433a Canon Poole Meeting Room","433a_Canon Poole Meeting Room","DVC&P","10","4503599627370495","","``","","`COORDINATOR`;`PROPSERV`","","`$Type:Meeting Room_13$:$0$`"
"11112","Union House 503 Union Cinema","503_Union Cinema","DVC&P","140","4503599627370495","","``","","`COORDINATOR`;`PROPSERV`","",""
"10865","Veterinary Science G72 Veterinary Skills Theatre","G72_Laboratory","SCHVETSCI","80","4503599627370495","","``","","`SCIFO`;`PROPSERV`;`SCINCESFO`;`SCIENCE`;`SCHAG&WINE`;`COORDINATOR`","",""
"10902","The Braggs 350 Wet Laboratory 3A","350_Laboratory","SCHBIOSCI","92","4503599627370495","","``","","`MEDICINE`;`PROPSERV`;`MEDSCI`;`SCIENCE`;`SCHAG&WINE`;`COORDINATOR`","",""
"10903","The Braggs 340 Wet Laboratory 3B","340_Laboratory","SCHBIOSCI","72","4503599627370495","","``","","`MEDICINE`;`PROPSERV`;`MEDSCI`;`SCIENCE`;`SCHAG&WINE`;`COORDINATOR`","",""
"10904","The Braggs 440 Wet Laboratory 4B","440_Laboratory","SCHBIOSCI","80","4503599627370495","","``","","`PROPSERV`;`SCIENCE`;`SCHAG&WINE`;`COORDINATOR`","",""
"10905","The Braggs 450 Dry Laboratory 4A","450_Laboratory","SCHBIOSCI","120","4503599627370495","","``","","`SCIFO`;`PROPSERV`;`MECHENG`;`DENTISTRY`;`DENTAL`;`SCHPHYSCI`;`HEALTHSCI`;`SCIENCE`;`COORDINATOR`","",""
"10682","The Cottage G2 Rehearsal Studio","G2_Rehearsal Studio","CASM","20","4503599627370495","","`Formerly Alumni House`","","`WILTOYERLO`;`PROPSERV`;`ELDERCON`;`COORDINATOR`","",""
"10683","The Cottage G5 Recording Studio","G5_Recording Studio","CASM","20","4503599627370495","","`Formerly Alumni House`","","`WILTOYERLO`;`PROPSERV`;`ELDERCON`;`COORDINATOR`","",""
"10650","Engineering & Math EM324","EM324_Teaching Room","PROPSERV","28","4503599627370495","","``","","`+all`","",""
"11094","Engineering Nth NG29 Chapman Laboratory","NG29_Laboratory","CIV&ENVENG","30","4503599627370495","","``","","`COORDINATOR`;`PROPSERV`","",""
"10804","Mawson 129 McBriar Room","129_McBriar Room","PROPSERV","14","4503599627370495","","``","","`+all`","",""
"10805","Mawson 134 Sprigg Room","134_Sprigg Room","PROPSERV","100","4503599627370495","","``","","`+all`","",""
"10807","Ligertwood 126 Law Moot Court","126_Law Moot Court","LAWS","30","4503599627370495","","``","","`PROPSERV`;`COORDINATOR`","",""
"10899","Medical School Sth S111a Robin Warren Clinical Skills Laboratory A","S111a_Laboratory","HEALTHSCI","45","4503599627370495","","``","","`COORDINATOR`;`MEDICINE`;`PROPSERV`;`CLINNURSE`;`ORALHLTH`;`DENTAL`;`HLTHSCFO`","`10901`",""
"10900","Medical School Sth S111b Robin Warren Clinical Skills Laboratory B","S111b_Laboratory","HEALTHSCI","45","4503599627370495","","``","","`COORDINATOR`;`MEDICINE`;`PROPSERV`;`CLINNURSE`;`ORALHLTH`;`DENTAL`;`HLTHSCFO`","`10901`",""
"10901","Medical School Sth S111a/S111b Robin Warren Combined Clinical Skills Laboratory","S111a/b_Laboratory","HEALTHSCI","90","4503599627370495","","``","","`COORDINATOR`;`MEDICINE`;`PROPSERV`;`CLINNURSE`;`ORALHLTH`;`DENTAL`;`HLTHSCFO`","`10899`;`10900`",""
"10974","Barr Smith South 2060","2060_Teaching Room","PROPSERV","77","4503599627370495","","``","","`+all`","",""
"10975","Barr Smith South 2052","2052_Teaching Room","PROPSERV","42","4503599627370495","","``","","`+all`","",""
"10976","Barr Smith South 2051","2051_Teaching Room","PROPSERV","56","4503599627370495","","``","","`+all`","",""
"10977","Secondary School Placement","External_Secondary School","EDUCS","9999","4503599627370495","","``","","`PROPSERV`;`COORDINATOR`","",""
"10978","Primary School Placement","External_Primary School","EDUCS","9999","4503599627370495","","``","","`PROPSERV`;`COORDINATOR`","",""
"10856","Barr Smith South 3035 Meeting Room","3035_Meeting Room","HEALTHSCI","12","4503599627370495","","``","","`PROPSERV`;`HLTHSCFO`;`COORDINATOR`","",""
"10857","Barr Smith South 2066 Meeting Room","2066_Meeting Room","HEALTHSCI","28","4503599627370495","","``","","`PROPSERV`;`HLTHSCFO`;`COORDINATOR`","",""
"10774","Hughes 306 Psychology Suite","306_Psychology Suite","PSYCHOLOGY","17","4503599627370495","","``","","`PSYCHOLOGY`;`PROPSERV`;`HEALTHSCI`;`HLTHSCFO`;`COORDINATOR`","",""
"10775","Medical School Nth NB35 Surgical Skills Laboratory","NB35_Laboratory","MEDICINE","40","4503599627370495","","``","","`PROPSERV`;`CLINNURSE`;`MEDSCI`;`HEALTHSCI`;`HLTHSCFO`;`COORDINATOR`","`10777`",""
"10776","Medical School Nth NB42 Simulation & Skills Centre","NB42_Laboratory","MEDICINE","50","4503599627370495","","``","","`PROPSERV`;`CLINNURSE`;`MEDSCI`;`HEALTHSCI`;`HLTHSCFO`;`COORDINATOR`","`10777`",""
"10777","Medical School Nth NB35/NB42 Combined Surgical Laboratory","NB35/NB42_Laboratory","MEDICINE","90","4503599627370495","","``","","`PROPSERV`;`CLINNURSE`;`MEDSCI`;`HEALTHSCI`;`HLTHSCFO`;`COORDINATOR`","`10775`;`10776`",""
"10918","The Braggs G60 Bragg Lecture Theatre","G60_Bragg Lecture Theatre","PROPSERV","420","4503599627370495","","``","","`+all`","",""
"10894","Medical School Sth S128","S128_Teaching Room","HEALTHSCI","20","4503599627370495","","``","","`COORDINATOR`;`HEALTHSCI`;`MEDICINE`;`PUBLICHLTH`;`PROPSERV`;`CLINNURSE`;`DENTISTRY`;`DENTALSCH`;`ORALHLTH`;`MEDSPEC`;`MEDSCI`;`DENTAL`;`SCHPHCP`;`SCHMEDIC`;`SCHBIOSCI`;`HLTHSCFO`","","`$Area:Science Biochemistry$:$0$`"
"2031","External: AHMS Urban Park","External_Non Teaching Venue","PROPSERV","500","4503599627370495","","``","","`+all`","","`$Type:Non Teaching Venue_12$:$0$`"
"10932","Nexus10 UB40","UB40_Teaching Room","PROPSERV","48","4503599627370495","","``","","`+all`","",""
"10854","Barr Smith South 3050 Final Year Studio","3050_Studio","ARCH&URBD","15","4503599627370495","","``","","`PROPSERV`;`COORDINATOR`","",""
"10855","Barr Smith South 3051 Final Year Studio","3051_Studio","ARCH&URBD","20","4503599627370495","","``","","`PROPSERV`;`COORDINATOR`","",""
"10832","Waite GN17 Meeting Room","GN17_Meeting Room","SCHAG&WINE","14","4503599627370495","","``","","`PROPSERV`;`SCIENCE`;`COORDINATOR`","","`$Type:Non Teaching Venue_12$:$0$`"
"10833","Waite 204 Meeting Room","204_Meeting Room","SCHAG&WINE","12","4503599627370495","","``","","`PROPSERV`;`COORDINATOR`","","`$Type:Non Teaching Venue_12$:$0$`"
"10916","The Braggs 425","425_Teaching Room","PROPSERV","20","4503599627370495","","``","","`+all`","",""
"10917","The Braggs 427","427_Teaching Room","PROPSERV","16","4503599627370495","","``","","`+all`","",""
"2032","External: AHMS Ground Floor Lobby","External_Non Teaching Venue","PROPSERV","500","4503599627370495","","``","","`+all`","","`$Type:Non Teaching Venue_12$:$0$`"
"10770","Nexus10 801 George Smolicz Meeting Room","801_Meeting Room","EDUCS","16","4503599627370495","","``","","`PROPSERV`;`COORDINATOR`","","`$Type:Non Teaching Venue_12$:$0$`"
"10678","Engineering Annex A219 Undergraduate Laboratory","A219_Laboratory","CHEMENG","30","4503599627370495","","``","","`PROPSERV`;`COORDINATOR`","",""
"10168","Hughes 322","322_Teaching Room","PROPSERV","48","4503599627370495","`$40$:$7$:$fffffffffff$:$0$:$1320$`","``","","`+all`","",""
"10952","Barr Smith South 522a 4th Year Studio","522a_Studio","ARCH&URBD","50","4503599627370495","","``","","`PROPSERV`;`COORDINATOR`","`10496`",""
"10953","Barr Smith South 522b 4th Year Studio","522b_Studio","ARCH&URBD","90","4503599627370495","","``","","`PROPSERV`;`COORDINATOR`","`10496`",""
"11100","AHMS 2056 Scrub Training Room","2056_Scrub Training Room","HEALTHSCI","20","4503599627370495","","``","","`COORDINATOR`;`MEDICINE`;`PUBLICHLTH`;`PSYCHOLOGY`;`PROPSERV`;`CLINNURSE`;`GENPRAC`;`DENTISTRY`;`DENTALSCH`;`CMVH`;`SURGSPEC`;`PAED&REPRO`;`ORALHLTH`;`MEDSPEC`;`MEDSCI`;`DENTAL`;`SCHPSYCHOL`;`SCHPHCP`;`SCHMEDIC`;`REPROD MED`;`YPIHU`;`RURALHLTH`;`HLTHSCFO`","",""
"11101","Marjoribanks 129 Meeting Room","129_Meeting Room","PROFESSION","30","4503599627370495","","``","","`COORDINATOR`;`PROPSERV`;`BUSSCH`;`ECONOMICSS`","",""
"10934","Horace Lamb 422 (via Hub Central)","422_Teaching Room","PROPSERV","80","4503599627370495","","``","","`+all`","",""
"2021","External: Victoria Drive Fence","External_Non Teaching Venue","PROPSERV","1","4503599627370495","","``","","`+all`","","`$Type:Non Teaching Venue_12$:$0$`"
"10850","Engineering & Math EM105 CS CAT Suite 11","EM105_CAT Suite","ENGMATHFO","48","4503599627370495","","``","","`PUREMATHS`;`PROPSERV`;`MECHENG`;`COMPSCI`;`CIV&ENVENG`;`CHEMENG`;`APPLMATHS`;`ELECENG`;`STATS`;`MATHSCI`;`PETROL`;`COORDINATOR`","",""
"10851","Engineering & Math EM109 CS CAT Suite 10","EM109_CAT Suite","ENGMATHFO","38","4503599627370495","","``","","`PUREMATHS`;`PROPSERV`;`MECHENG`;`COMPSCI`;`CIV&ENVENG`;`CHEMENG`;`APPLMATHS`;`ELECENG`;`STATS`;`MATHSCI`;`PETROL`;`COORDINATOR`","`10853`","`$Area:Engineering Mechanical$:$0$`"
"10852","Engineering & Math EM108 CS CAT Suite 9","EM108_CAT Suite","ENGMATHFO","42","4503599627370495","","``","","`PUREMATHS`;`PROPSERV`;`MECHENG`;`COMPSCI`;`CIV&ENVENG`;`CHEMENG`;`APPLMATHS`;`ELECENG`;`STATS`;`MATHSCI`;`PETROL`;`COORDINATOR`","`10853`","`$Area:Engineering Mechanical$:$0$`"
"10853","Engineering & Math EM108/EM109 CS CAT Suite 9 & 10","EM108/109_CAT Suite","ENGMATHFO","80","4503599627370495","","``","","`PUREMATHS`;`PROPSERV`;`MECHENG`;`COMPSCI`;`CIV&ENVENG`;`CHEMENG`;`APPLMATHS`;`ELECENG`;`STATS`;`MATHSCI`;`PETROL`;`COORDINATOR`","`10851`;`10852`","`$Area:Engineering Mechanical$:$0$`"
"10914","Darling West G06/G07 Laboratory 3 & 4","G06/G07_Laboratory","SCHPHYSCI","50","4503599627370495","","``","","`COORDINATOR`;`PROPSERV`;`SCHBIOSCI`","`10912`;`10913`",""
"99999","External: Off Campus_1","External_Off Campus","PROPSERV","500","4503599627370495","","``","","`+all`","",""
"99998","External: Off Campus_2","External_Off Campus","PROPSERV","500","4503599627370495","","``","","`+all`","",""
"11095","Nexus10 1301 Meeting Room","1301_Meeting Room","PROFESSION","30","4503599627370495","`$fffffffffffff$:$70$:$fffffffffff$:$0$:$1320$`","``","","`COORDINATOR`;`PROPSERV`;`GFS`;`IBEL`;`ECONOMICSS`;`ECIC`","",""
"11096","TAFE Adelaide City_1","TAFE7_TAFE Adelaide City","PROPSERV","100","4503599627370495","","``","","`+all`","",""
"11097","TAFE Adelaide City_2","TAFE8_TAFE Adelaide City","PROPSERV","100","4503599627370495","","``","","`+all`","",""
"11098","TAFE Adelaide City_3","TAFE9_TAFE Adelaide City","PROPSERV","100","4503599627370495","","``","","`+all`","",""
"11099","TAFE Adelaide City_4","TAFE10_TAFE Adelaide City","PROPSERV","100","4503599627370495","","``","","`+all`","",""
"10920","Engineering & Math EM318/EM319 Combined Laboratory","EM318/319_Laboratory","ELECENG","76","4503599627370495","","``","","`PROPSERV`;`COORDINATOR`","`10351`;`10780`",""
"10907","Barr Smith South 1041b Dental Simulation Clinic B","1041b_Laboratory","DENTALSCH","45","4503599627370495","","``","","`PROPSERV`;`DENTISTRY`;`ORALHLTH`;`DENTAL`;`HEALTHSCI`;`HLTHSCFO`;`COORDINATOR`","`10908`",""
"10848","Veterinary Science G05-G07 Combined","G05-G07_Teaching Room","PROPSERV","90","4503599627370495","","``","","`+all`","`10826`;`10825`;`10827`",""
"10849","Veterinary Science G02","G02_Teaching Room","PROPSERV","40","4503599627370495","","``","","`+all`","",""
"10782","Nexus10 228 Computer Suite 3","228_Computer Suite","PROFESSION","36","4503599627370495","","``","","`COORDINATOR`;`PROPSERV`;`ARCH&URBD`;`LAWS`;`IBEL`;`BUSSCH`;`ICFS`;`SCHAG&WINE`;`PROFFO`;`EDUCS`;`ECONOMICSS`;`ECIC`","",""
"10991","Nexus10 704/705 MBA Suite","704/705_MBA Suite","BUSSCH","48","4503599627370495","","`School of Economics added 26/11/2015 as per request from Faculty of Professions`","","`COORDINATOR`;`PROPSERV`;`GFS`;`IBEL`;`ECONOMICSS`;`ECIC`","`10954`;`10955`",""
"10968","TAFE Tea Tree Gully_3","TAFE5_TAFE Tea Tree Gully","PROPSERV","100","4503599627370495","","``","","`+all`","",""
"10969","TAFE Tea Tree Gully_4","TAFE6_TAFE Tea Tree Gully","PROPSERV","100","4503599627370495","","``","","`+all`","",""
"10886","Medical School Nth NG27","NG27_Teaching Room","PROPSERV","15","4503599627370495","","``","","`+all`","",""
"10885","Medical School Nth NG28","NG28_Teaching Room","PROPSERV","10","4503599627370495","","``","","`+all`","",""
"10887","Medical School Nth NG29","NG29_Teaching Room","PROPSERV","10","4503599627370495","","``","","`+all`","",""
"10561","Medical School Sth SG11","SG11_Teaching Room","PROPSERV","20","4503599627370495","","``","","`+all`","",""
"10560","Medical School Sth SG11a","SG11a_Teaching Room","PROPSERV","15","4503599627370495","","``","","`+all`","",""
"11093","Nexus10 102 Meeting Room","102_Meeting Room","PROFESSION","25","4503599627370495","","``","","`COORDINATOR`;`PROPSERV`;`GFS`;`IBEL`;`BUSSCH`;`SCHACCFIN`;`SCHMARKMGT`;`ICFS`;`PROFFO`;`ECONOMICSS`;`ECIC`","",""
"2030","External: Veterinary Science Foyer","External_Non Teaching Venue","PROPSERV","500","4503599627370495","","``","","`+all`","","`$Type:Non Teaching Venue_12$:$0$`"
"10990","Nexus10 701","701_Teaching Room","BUSSCH","30","4503599627370495","`$fffffffffffff$:$7f$:$fffffffffff$:$0$:$1320$`","``","","`PROPSERV`;`COORDINATOR`","",""
"10655","Mitchell 104 Basten Room","104_Basten Room","PROPSERV","24","4503599627370495","","``","","`+all`","","`$Type:Non Teaching Venue_12$:$0$`"
"10723","Lower Napier LG07","LG07_Teaching Room","PROPSERV","14","4503599627370495","","``","","`+all`","","`$Area:Psychology$:$0$`;`$Area:Health Sciences$:$0$`;`$Area:Commerce$:$0$`;`$Area:Engineering Mechanical$:$0$`;`$Area:Law$:$0$`;`$Area:Engineering Electrical$:$0$`"
"11085","Engineering Sth S213 KC Wind Tunnel Lab","S213_KC Wind Tunnel","MECHENG","12","4503599627370495","","``","","`COORDINATOR`;`PROPSERV`;`MECHENG`","",""
"11086","Engineering Sth S217 Aerospace Lab","S217_Aerospace Lab","MECHENG","12","4503599627370495","","``","","`COORDINATOR`;`PROPSERV`;`MECHENG`","",""
"11087","Engineering Sth S238 Flight Simulation Lab","S238_Flight Sim Lab","MECHENG","12","4503599627370495","","``","","`COORDINATOR`;`PROPSERV`;`MECHENG`","",""
"11088","Jordan 304 Laboratory","304_Laboratory","ARCH&URBD","50","4503599627370495","","``","","`COORDINATOR`;`PROPSERV`;`ARCH&URBD`","",""
"10828","Nexus10 601","601_Teaching Room","IBEL","24","4503599627370495","","`ECIC added with room share, faculty of professions request and approval 14/10/2015. Uni of Adelaide Business School and Institute for International Trade added with room share, faculty of professions request and approval 12/11/2015.`","","`COORDINATOR`;`PROPSERV`;`GFS`;`IBEL`;`ECIC`;`PROFESSION`","",""
"10870","Nexus10 207 Computer Suite 4","207_Computer Suite","PROFESSION","144","4503599627370495","","``","","`COORDINATOR`;`PROPSERV`;`ARCH&URBD`;`LAWS`;`GFS`;`IBEL`;`BUSSCH`;`ICFS`;`SCHAG&WINE`;`PROFFO`;`EDUCS`;`ECONOMICSS`;`ECIC`","",""
"2028","External: Math Lawns","External_Non Teaching Venue","PROPSERV","500","4503599627370495","","``","","`+all`","","`$Type:Non Teaching Venue_12$:$0$`"
"10933","228 North Tce G08b Radio Adelaide","G08b_Radio Adelaide","MEDIA","24","4503599627370495","","``","","`PROPSERV`;`COORDINATOR`","",""
"10896","Barr Smith South 540a Final Year Studio","540a_Studio","ARCH&URBD","30","4503599627370495","","``","","`PROPSERV`;`COORDINATOR`","`10898`",""
"10897","Barr Smith South 540b Final Year Studio","540b_Studio","ARCH&URBD","50","4503599627370495","","``","","`PROPSERV`;`COORDINATOR`","`10898`",""
"10898","Barr Smith South 540a/540b Final Year Studio","540a/540b_Studio","ARCH&URBD","80","4503599627370495","","``","","`PROPSERV`;`COORDINATOR`","`10896`;`10897`",""
"10809","115 Grenfell St 807","807_Teaching Room","P&CONTED","6","4503599627370495","","``","","`PROPSERV`;`COORDINATOR`","",""
"10808","115 Grenfell St 805","805_Teaching Room","P&CONTED","16","4503599627370495","","``","","`PROPSERV`;`COORDINATOR`","",""
"10810","115 Grenfell St 809","809_Teaching Room","P&CONTED","25","4503599627370495","","``","","`PROPSERV`;`EDUCS`;`COORDINATOR`","",""
"10811","115 Grenfell St 810","810_Teaching Room","P&CONTED","16","4503599627370495","","``","","`PROPSERV`;`COORDINATOR`","",""
"10873","Port Augusta Learning Centre G01","G01_Teaching Room","WILTOYERLO","25","4503599627370495","","``","","`PROPSERV`;`COORDINATOR`","",""
"10874","Port Augusta Learning Centre G02","G02_Teaching Room","WILTOYERLO","25","4503599627370495","","``","","`PROPSERV`;`COORDINATOR`","",""
"10875","Hughes 230 Computer Suite","230_Computer Suite","PSYCHOLOGY","20","4503599627370495","","``","","`PSYCHOLOGY`;`PROPSERV`;`HEALTHSCI`;`HLTHSCFO`;`COORDINATOR`","",""
"15000","ExamOnly: Jubilee Pavilion","JP_Jubilee Pavilion","PROPSERV","2200","4503599627370495","","``","","`COORDINATOR`","","`$Type:Non Teaching Venue_12$:$0$`"
"10942","Madley G03 Practice Room","G03_Practice Room","ELDERCON","10","4503599627370495","","``","","`PROPSERV`;`COORDINATOR`","",""
"10943","Madley G04 Practice Room","G04_Practice Room","ELDERCON","10","4503599627370495","","``","","`PROPSERV`;`COORDINATOR`","",""
"10944","Madley G05 Practice Room","G05_Practice Room","ELDERCON","10","4503599627370495","","``","","`PROPSERV`;`COORDINATOR`","",""
"10945","Madley G06 Practice Room","G06_Practice Room","ELDERCON","10","4503599627370495","","``","","`PROPSERV`;`COORDINATOR`","",""
"10946","Madley G07 Practice Room","G07_Practice Room","ELDERCON","10","4503599627370495","","``","","`PROPSERV`;`COORDINATOR`","",""
"10947","Madley G10 Practice Room","G10_Practice Room","ELDERCON","10","4503599627370495","","``","","`PROPSERV`;`COORDINATOR`","",""
"10948","Madley G11 Practice Room","G11_Practice Room","ELDERCON","10","4503599627370495","","``","","`PROPSERV`;`COORDINATOR`","",""
"10949","Madley B08 Practice Room","B08_Practice Room","ELDERCON","10","4503599627370495","","``","","`PROPSERV`;`COORDINATOR`","",""
"10950","Madley B09 Practice Room","B09_Practice Room","ELDERCON","10","4503599627370495","","``","","`PROPSERV`;`COORDINATOR`","",""
"10829","Nexus10 UB34","UB34_Teaching Room","PROPSERV","54","4503599627370495","","``","","`+all`","",""
"10830","Nexus10 UB35","UB35_Teaching Room","PROPSERV","54","4503599627370495","","``","","`+all`","",""
"10831","Nexus10 UB36","UB36_Teaching Room","PROPSERV","54","4503599627370495","","``","","`+all`","",""
"10733","115 Grenfell St 901","901_Teaching Room","P&CONTED","30","4503599627370495","","``","","`PROPSERV`;`EDUCS`;`COORDINATOR`","",""
"10734","115 Grenfell St 902","902_Teaching Room","P&CONTED","16","4503599627370495","","``","","`PROPSERV`;`COORDINATOR`","",""
"10735","115 Grenfell St 903","903_Teaching Room","P&CONTED","16","4503599627370495","","``","","`PROPSERV`;`COORDINATOR`","",""
"10707","Barr Smith South 527 East Gallery","527_East Gallery","ARCH&URBD","50","4503599627370495","","``","","`PROPSERV`;`ARCH&URBD`;`COORDINATOR`","",""
"10721","Napier 144","144_Teaching Room","PROPSERV","25","4503599627370495","","``","","`+all`","",""
"10679","Madley G02 Madley Rehearsal Studio","G02_Rehearsal Studio","ELDERCON","100","4503599627370495","","``","","`COORDINATOR`;`PROPSERV`;`CASM`;`EDUCS`","",""
"10680","Madley G12 Percussion Studio","G12_Percussion Studio","ELDERCON","80","4503599627370495","","``","","`COORDINATOR`;`PROPSERV`;`EDUCS`","",""
"10957","115 Grenfell St 1101/1102","1101/1102_Teaching Room","P&CONTED","52","4503599627370495","","``","","`PROPSERV`;`EDUCS`;`COORDINATOR`","`10738`;`10739`",""
"10906","Barr Smith South 1041a Dental Simulation Clinic A","1041a_Laboratory","DENTALSCH","45","4503599627370495","","``","","`PROPSERV`;`DENTISTRY`;`ORALHLTH`;`DENTAL`;`HEALTHSCI`;`HLTHSCFO`;`COORDINATOR`","`10908`",""
"10908","Barr Smith South 1041a/1041b Dental Simulation Clinic Combined","1041a&b_Laboratory","DENTALSCH","90","4503599627370495","","``","","`PROPSERV`;`DENTISTRY`;`ORALHLTH`;`DENTAL`;`HEALTHSCI`;`HLTHSCFO`;`COORDINATOR`","`10906`;`10907`",""
"10909","TAFE Tea Tree Gully_1","TAFE3_TAFE Tea Tree Gully","PROPSERV","100","4503599627370495","","``","","`+all`","",""
"10910","TAFE Tea Tree Gully_2","TAFE4_TAFE Tea Tree Gully","PROPSERV","100","4503599627370495","","``","","`+all`","",""
"10631","Roseworthy College Hall G3 School Council Room","G3_School Council Room","PROPSERV","35","4503599627370495","","``","","`+all`","",""
"10954","Nexus10 704 MBA Suite","704_MBA Suite","BUSSCH","24","4503599627370495","","`School of Economics added 26/11/2015 as per request from Faculty of Professions`","","`COORDINATOR`;`PROPSERV`;`GFS`;`IBEL`;`ECONOMICSS`;`ECIC`","`10991`",""
"10955","Nexus10 705 MBA Suite","705_MBA Suite","BUSSCH","24","4503599627370495","","`School of Economics added 26/11/2015 as per request from Faculty of Professions`","","`COORDINATOR`;`PROPSERV`;`GFS`;`IBEL`;`ECONOMICSS`;`ECIC`","`10991`",""
"10956","Nexus10 706 MBA Suite","706_MBA Suite","BUSSCH","36","4503599627370495","","`School of Economics added 11/01/2016 as per request from Faculty of Professions`","","`COORDINATOR`;`PROPSERV`;`GFS`;`ECONOMICSS`","",""
"10919","Schulz B14 Practice Room","B14_Practice Room","ELDERCON","15","4503599627370495","","``","","`PROPSERV`;`COORDINATOR`","",""
"10755","Nexus10 703 MBA Suite","703_MBA Suite","BUSSCH","30","4503599627370495","`$fffffffffffff$:$7f$:$fffffffffff$:$0$:$1320$`","``","","`COORDINATOR`;`PROPSERV`;`ECONOMICSS`","",""
"10756","Nexus10 812 Smarte Room","812_Teaching Room","EDUCS","45","4503599627370495","","``","","`PHILOSOPHY`;`SOCIALINQ`;`PROPSERV`;`ASIANSTD`;`ANTHROPLGY`;`POLITICS`;`HISTORY`;`GEOG&ENV`;`ENGLISH`;`SPANISH`;`MEDIA`;`LINGUISTIC`;`GERMANSTUD`;`FRENCHSTUD`;`SCHSOCSCI`;`SCHHUMS`;`HUM&SOCSCI`;`COORDINATOR`","",""
"10915","Benham G25 Peter Martin Room","G25_Peter Martin Room","PROPSERV","42","4503599627370495","","``","","`+all`","",""
"10941","228 North Tce G08c Radio Adelaide","G08c_Radio Adelaide","MEDIA","24","4503599627370495","","``","","`PROPSERV`;`COORDINATOR`","",""
"10011","Nexus10 220 Computer Suite 1","220_Computer Suite","PROFESSION","60","4503599627370495","","``","","`COORDINATOR`;`PROPSERV`;`ARCH&URBD`;`LAWS`;`IBEL`;`BUSSCH`;`ICFS`;`SCHAG&WINE`;`PROFFO`;`EDUCS`;`ECONOMICSS`;`ECIC`","",""
"10486","Medical School Sth S210a/S210b Combined Laboratory","S210a&b_Laboratory","HEALTHSCI","150","4503599627370495","","``","","`COORDINATOR`;`MEDICINE`;`PUBLICHLTH`;`PROPSERV`;`CLINNURSE`;`ORALHLTH`;`MEDSPEC`;`MEDSCI`;`DENTAL`;`HLTHSCFO`","`10485`;`10484`",""
"10351","Engineering & Math EM318 Intermediate Laboratory","EM318_Laboratory","ELECENG","38","4503599627370495","","``","","`PROPSERV`;`COORDINATOR`","`10920`",""
"10249","Medical School Nth N103 Florey Lecture Theatre","103N_Florey Lecture Theatre","PROPSERV","290","4503599627370495","","``","","`+all`","","`$Area:Science Microbiology Immunology$:$0$`;`$Area:Science Biochemistry$:$0$`;`$Area:Economics$:$0$`"
"10423","Schulz 506 EMU Space","506_EMU Space","ELDERCON","40","4503599627370495","","``","","`PROPSERV`;`COORDINATOR`","",""
"10616","Madley B14 Practice Room","B14_Practice Room","ELDERCON","40","4503599627370495","","``","","`PROPSERV`;`CASM`;`COORDINATOR`","",""
"10618","Madley B20 Drumkit Studio","B20_Drumkit Studio","ELDERCON","20","4503599627370495","","``","","`PROPSERV`;`COORDINATOR`","",""
"10546","Wine Science 113 Laboratory","113_Laboratory","SCHAG&WINE","48","4503599627370495","","``","","`SCIFO`;`PUREMATHS`;`PROPSERV`;`APPLMATHS`;`SCHBIOSCI`;`SCHPHYSCI`;`SCINCESFO`;`SCIENCE`;`SCHAG&WINE`;`COORDINATOR`","`10621`",""
"10609","Wine Science 110","110_Teaching Room","PROPSERV","48","4503599627370495","","``","","`+all`","`10621`",""
"10348","Engineering & Math EM218","EM218_Teaching Room","PROPSERV","30","4503599627370495","","``","","`+all`","","`$Area:Computer Science$:$0$`;`$Area:Science Microbiology Immunology$:$0$`;`$Area:Law$:$0$`"
"10347","Engineering & Math EM213","EM213_Teaching Room","PROPSERV","20","4503599627370495","","``","","`+all`","","`$Area:Computer Science$:$0$`;`$Area:Science Microbiology Immunology$:$0$`;`$Area:Law$:$0$`"
"10346","Engineering & Math EM212","EM212_Teaching Room","PROPSERV","20","4503599627370495","","``","","`+all`","","`$Area:Computer Science$:$0$`;`$Area:Science Microbiology Immunology$:$0$`;`$Area:Law$:$0$`"
"10342","Engineering & Math EM106 Math Computer Suite 2","EM106_Computer Suite","MATHSCI","31","4503599627370495","","``","","`COORDINATOR`;`PUREMATHS`;`PROPSERV`;`COMPSCI`;`APPLMATHS`;`STATS`;`MATHSCI`;`ENG&MATHS`","","`$Area:Engineering Mechanical$:$0$`"
"10345","Engineering & Math EM211 Electronic Eng Computer Suite","EM211_Computer Suite","ELECENG","25","4503599627370495","","``","","`PROPSERV`;`ELECENG`;`ENGMATHFO`;`COORDINATOR`","",""
"10352","Engineering & Math EMG06","EMG06_Teaching Room","PROPSERV","42","4503599627370495","","``","","`+all`","",""
"10353","Engineering & Math EMG07","EMG07_Teaching Room","PROPSERV","42","4503599627370495","","``","","`+all`","",""
"10354","Engineering & Math EMG13 Math Computer Suite 1","EMG13_Computer Suite","MATHSCI","56","4503599627370495","","``","","`PUREMATHS`;`PROPSERV`;`APPLMATHS`;`STATS`;`MATHSCI`;`ENG&MATHS`;`COORDINATOR`","",""
"10349","Engineering & Math EM305 Electronics Laboratory","EM305_Laboratory","ELECENG","42","4503599627370495","","``","","`PROPSERV`;`COORDINATOR`","",""
"10344","Engineering & Math EM205","EM205_Teaching Room","PROPSERV","150","4503599627370495","","``","","`+all`","",""
"10041","Badger 115 Laboratory","115_Laboratory","SCHPHYSCI","50","4503599627370495","","``","","`PROPSERV`;`COORDINATOR`","",""
"10043","Badger 212 Laboratory","212_Laboratory","SCHPHYSCI","50","4503599627370495","","``","","`PROPSERV`;`COORDINATOR`","",""
"10487","Horace Lamb 3008 Digital Media Studio","3008_Digital Media Studio","ARCH&URBD","20","4503599627370495","","``","","`PROPSERV`;`ARCH&URBD`;`COORDINATOR`","",""
"10039","Barr Smith South 534 Forum Lecture Theatre","534_Forum Lecture Theatre","PROPSERV","100","4503599627370495","","``","","`+all`","",""
"10497","Barr Smith South 538 CAAD Studio","538_CAAD Studio","ARCH&URBD","20","4503599627370495","","``","","`PROPSERV`;`ARCH&URBD`;`COORDINATOR`","",""
"10496","Barr Smith South 522a/522b 4th Year Studio","522a/522b_Studio","ARCH&URBD","140","4503599627370495","","``","","`PROPSERV`;`COORDINATOR`","`10952`;`10953`",""
"10495","Barr Smith South 524 West Gallery","524_West Gallery","ARCH&URBD","40","4503599627370495","","``","","`PROPSERV`;`ARCH&URBD`;`COORDINATOR`","",""
"10491","Barr Smith South 511 Design Studio South","511_Studio","ARCH&URBD","45","4503599627370495","","``","","`PROPSERV`;`ARCH&URBD`;`COORDINATOR`","",""
"10240","Mawson G12 Computer Suite","G12_Computer Suite","SCHBIOSCI","40","4503599627370495","","``","","`COORDINATOR`;`SCIFO`;`SCIENCE`;`PROPSERV`;`SCHPHYSCI`","",""
"10183","Johnson 111 Computer Suite","111_Computer Suite","SCHPHYSCI","42","4503599627370495","","``","","`COORDINATOR`;`SCIFO`;`SCIENCE`;`PROPSERV`;`SCHBIOSCI`","",""
"10184","Johnson 117 Computer Suite","117_Computer Suite","SCHPHYSCI","4","4503599627370495","","``","","`PROPSERV`;`COORDINATOR`","",""
"10593","Ligertwood 316","316_Teaching Room","PROPSERV","30","4503599627370495","","`Updated room access for Faculty of Professions - 21/10/2016`","","`+all`","",""
"10548","Elder Hall G03 Elder Hall","G03_Elder Hall","PROPSERV","672","4503599627370495","","``","","`ELDERCON`;`COORDINATOR`","",""
"10557","Scott Theatre 001","001_Scott Theatre","PROPSERV","569","4503599627370495","","`Lower level capacity = 415 (+ 4 wheelchair pedestals)`;`Upper level capacity = 154`;``;`This venue is used for teaching during 'core' hours of 8am to 6pm inclusive.  It is used for external hiring and performance activities outside of core hours and/or outside of semester 1 & 2 standard teaching weeks.`","","`+all`","",""
"10473","Charles Hawker 117","117_Teaching Room","PROPSERV","65","4503599627370495","","``","","`+all`","",""
"10474","Charles Hawker 118","118_Teaching Room","PROPSERV","34","4503599627370495","","``","","`+all`","",""
"10469","Charles Hawker 129 Computer Suite 2","129_Computer Suite","SCHAG&WINE","25","4503599627370495","","``","","`COORDINATOR`;`SCIFO`;`SCIENCE`;`PUREMATHS`;`PROPSERV`;`APPLMATHS`;`SCHVETSCI`;`FRENCHSTUD`;`SCHPHYSCI`;`SCHBIOSCI`;`SCINCESFO`","",""
"10468","Charles Hawker 131 Computer Suite 1","131_Computer Suite","SCHAG&WINE","45","4503599627370495","","``","","`COORDINATOR`;`SCIFO`;`SCIENCE`;`PUREMATHS`;`PROPSERV`;`APPLMATHS`;`SCHVETSCI`;`FRENCHSTUD`;`SCHPHYSCI`;`SCHBIOSCI`;`SCINCESFO`","",""
"10475","Charles Hawker G18 Laboratory 2","G18_Laboratory","SCHAG&WINE","32","4503599627370495","","``","","`SCIFO`;`PUREMATHS`;`PROPSERV`;`APPLMATHS`;`SCHVETSCI`;`SCHBIOSCI`;`SCHPHYSCI`;`SCINCESFO`;`SCIENCE`;`COORDINATOR`","",""
"10476","Charles Hawker G20 Laboratory 1","G20_Laboratory","SCHAG&WINE","24","4503599627370495","","``","","`SCIFO`;`PUREMATHS`;`PROPSERV`;`APPLMATHS`;`SCHVETSCI`;`SCHBIOSCI`;`SCHPHYSCI`;`SCINCESFO`;`SCIENCE`;`COORDINATOR`","",""
"10607","Physics 132 Laboratory","132_Laboratory","SCHPHYSCI","40","4503599627370495","","``","","`PROPSERV`;`COORDINATOR`","`10705`","`$Area:Science Physics$:$0$`"
"10621","Winery Entire","Winery_Laboratory","SCHAG&WINE","96","4503599627370495","","``","","`SCIFO`;`PUREMATHS`;`PROPSERV`;`APPLMATHS`;`SCHBIOSCI`;`SCHPHYSCI`;`SCINCESFO`;`SCIENCE`;`SCHAG&WINE`;`COORDINATOR`","`10546`;`10609`","`$Type:Flat Floor_18$:$0$`"
"10608","Charles Hawker 205","205_Teaching Room","PROPSERV","40","4503599627370495","","``","","`+all`","",""
"10467","Charles Hawker 130 McLeod Lecture Theatre","130_McLeod Lecture Theatre","PROPSERV","152","4503599627370495","","``","","`+all`","",""
"10528","Callaghan G32 Laboratory","G32_Laboratory","SCHAG&WINE","48","4503599627370495","","``","","`SCIFO`;`PUREMATHS`;`PROPSERV`;`APPLMATHS`;`SCHVETSCI`;`SCHBIOSCI`;`SCHPHYSCI`;`SCINCESFO`;`SCIENCE`;`COORDINATOR`","",""
"10534","Williams G12 Laboratory 2","G12_Laboratory","SCHAG&WINE","50","4503599627370495","","``","","`SCIFO`;`PUREMATHS`;`PROPSERV`;`APPLMATHS`;`SCHVETSCI`;`SCHBIOSCI`;`SCHPHYSCI`;`SCINCESFO`;`SCIENCE`;`COORDINATOR`","",""
"10535","Williams G22 Laboratory 3","G22_Laboratory","SCHAG&WINE","40","4503599627370495","","``","","`SCIFO`;`PUREMATHS`;`PROPSERV`;`APPLMATHS`;`SCHVETSCI`;`SCHBIOSCI`;`SCHPHYSCI`;`SCINCESFO`;`SCIENCE`;`COORDINATOR`","",""
"10533","Williams G04 Laboratory 1","G04_Laboratory","SCHAG&WINE","66","4503599627370495","","``","","`SCIFO`;`PUREMATHS`;`PROPSERV`;`APPLMATHS`;`SCHVETSCI`;`SCHBIOSCI`;`SCHPHYSCI`;`SCINCESFO`;`SCIENCE`;`COORDINATOR`","",""
"10532","Williams G31b NRB","G31b_Teaching Room","PROPSERV","36","4503599627370495","","``","","`+all`","`10632`",""
"10531","Williams G31a NRA","G31a_Teaching Room","PROPSERV","27","4503599627370495","","``","","`+all`","`10632`",""
"10530","Williams G36 Stefanson Lecture Theatre","G36_Stefanson Lecture Theatre","PROPSERV","163","4503599627370495","","``","","`+all`","",""
"10437","Callaghan G02 Richardson Lecture Theatre","G02_Richardson Lecture Theatre","PROPSERV","100","4503599627370495","","``","","`+all`","",""
"10477","Charles Hawker G09 Laboratory 3","G09_Laboratory","SCHAG&WINE","40","4503599627370495","","``","","`SCIFO`;`PUREMATHS`;`PROPSERV`;`APPLMATHS`;`SCHVETSCI`;`SCHBIOSCI`;`SCHPHYSCI`;`SCINCESFO`;`SCIENCE`;`COORDINATOR`","",""
"10529","Eastick G05","G05_Teaching Room","PROPSERV","52","4503599627370495","","``","","`+all`","",""
"10527","Callaghan G03","G03_Teaching Room","PROPSERV","40","4503599627370495","","``","","`+all`","",""
"10526","Callaghan G18b","G18b_Teaching Room","PROPSERV","50","4503599627370495","","``","","`+all`","`10633`",""
"10525","Callaghan G18a","G18a_Teaching Room","PROPSERV","50","4503599627370495","","``","","`+all`","`10633`",""
"10524","Callaghan G17","G17_Teaching Room","PROPSERV","20","4503599627370495","","``","","`+all`","",""
"10485","Medical School Sth S210b Laboratory","S210b_Laboratory","HEALTHSCI","75","4503599627370495","","``","","`COORDINATOR`;`MEDICINE`;`PUBLICHLTH`;`PROPSERV`;`CLINNURSE`;`ORALHLTH`;`MEDSPEC`;`MEDSCI`;`DENTAL`;`HLTHSCFO`","`10486`",""
"10484","Medical School Sth S210a Laboratory","S210a_Laboratory","HEALTHSCI","75","4503599627370495","","``","","`COORDINATOR`;`MEDICINE`;`PUBLICHLTH`;`PROPSERV`;`CLINNURSE`;`ORALHLTH`;`MEDSPEC`;`MEDSCI`;`DENTAL`;`HLTHSCFO`","`10486`",""
"10615","Medical School Sth S419","S419_Teaching Room","MEDICINE","21","4503599627370495","","``","","`COORDINATOR`;`HEALTHSCI`;`MEDICINE`;`PUBLICHLTH`;`PROPSERV`;`DENTISTRY`;`ORALHLTH`;`MEDSPEC`;`MEDSCI`;`DENTAL`;`HLTHSCFO`","",""
"10614","Medical School Sth S418","S418_Teaching Room","MEDICINE","21","4503599627370495","","``","","`COORDINATOR`;`HEALTHSCI`;`MEDICINE`;`PUBLICHLTH`;`PROPSERV`;`DENTISTRY`;`ORALHLTH`;`MEDSPEC`;`MEDSCI`;`DENTAL`;`HLTHSCFO`","",""
"10611","Medical School Sth S415","S415_Teaching Room","MEDICINE","21","4503599627370495","","``","","`COORDINATOR`;`HEALTHSCI`;`MEDICINE`;`PUBLICHLTH`;`PROPSERV`;`DENTISTRY`;`ORALHLTH`;`MEDSPEC`;`MEDSCI`;`DENTAL`;`HLTHSCFO`","",""
"10610","Medical School Sth S414","S414_Teaching Room","MEDICINE","21","4503599627370495","","``","","`COORDINATOR`;`HEALTHSCI`;`MEDICINE`;`PUBLICHLTH`;`PROPSERV`;`DENTISTRY`;`ORALHLTH`;`MEDSPEC`;`MEDSCI`;`DENTAL`;`HLTHSCFO`","",""
"10405","Schulz 406 Keyboard Suite 1","406_Keyboard Suite","HUM&SOCSCI","34","4503599627370495","","``","","`COORDINATOR`;`PROPSERV`;`ELDERCON`;`MEDIA`;`CASM`","",""
"10513","Schulz 407 Keyboard Suite 2","407_Keyboard Suite","HUM&SOCSCI","34","4503599627370495","","``","","`COORDINATOR`;`PROPSERV`;`ELDERCON`;`MEDIA`;`CASM`","",""
"10109","Engineering Nth N134 Meeting Room","N134_Meeting Room","CIV&ENVENG","22","4503599627370495","","``","","`COORDINATOR`;`PROPSERV`;`ENG&MATHS`","",""
"10574","Engineering Annex LG09 Soils Laboratory","LG09_Laboratory","CIV&ENVENG","17","4503599627370495","","``","","`PROPSERV`;`COORDINATOR`","",""
"10572","Engineering Nth NLG7 Hydraulics Laboratory","NLG7_Laboratory","CIV&ENVENG","36","4503599627370495","","``","","`PROPSERV`;`COORDINATOR`","",""
"10582","Engineering Annex LG01 Mining Laboratory","LG01_Laboratory","CIV&ENVENG","20","4503599627370495","","``","","`PROPSERV`;`COORDINATOR`","",""
"10573","Engineering Annex LG02 Concrete Laboratory","LG02_Laboratory","CIV&ENVENG","17","4503599627370495","","``","","`PROPSERV`;`COORDINATOR`","",""
"10583","Engineering Sth SG06a Source Room","SG06a_Laboratory","MECHENG","10","4503599627370495","","``","","`PROPSERV`;`COORDINATOR`","",""
"10584","Engineering Sth SG07a Reverberation Room","SG07a_Laboratory","MECHENG","10","4503599627370495","","``","","`PROPSERV`;`COORDINATOR`","",""
"10585","Engineering Sth SG08a Anechoic Room","SG08a_Laboratory","MECHENG","10","4503599627370495","","``","","`PROPSERV`;`COORDINATOR`","",""
"10586","Engineering Sth SG10 Sir Edmond Holden Laboratory","SG10_Laboratory","MECHENG","50","4503599627370495","","``","","`PROPSERV`;`COORDINATOR`","",""
"10587","Engineering Sth SG10a Water Tunnel Laboratory","SG10a_Laboratory","MECHENG","10","4503599627370495","","``","","`PROPSERV`;`COORDINATOR`","",""
"10591","Engineering Sth SG12 Workshop","SG12_Workshop","MECHENG","10","4503599627370495","","``","","`PROPSERV`;`COORDINATOR`","",""
"10592","Engineering Sth SG12a Workshop","SG12a_Workshop","MECHENG","10","4503599627370495","","``","","`PROPSERV`;`COORDINATOR`","",""
"10589","Engineering Sth SG30 Testing Cell 1","SG30_Laboratory","MECHENG","10","4503599627370495","","``","","`PROPSERV`;`COORDINATOR`","",""
"10588","Engineering Sth SG31 Water Tunnel Laboratory","SG31_Laboratory","MECHENG","10","4503599627370495","","``","","`PROPSERV`;`COORDINATOR`","",""
"10581","Engineering Annex G02  Distillation Laboratory","G02_Laboratory","CHEMENG","30","4503599627370495","","``","","`PROPSERV`;`COORDINATOR`","",""
"10279","Medical School Sth S126a","S126a_Teaching Room","PROPSERV","15","4503599627370495","","``","","`+all`","","`$Area:Economics$:$0$`"
"10280","Medical School Sth S126b","S126b_Teaching Room","PROPSERV","15","4503599627370495","","``","","`+all`","","`$Area:Economics$:$0$`"
"10281","Medical School Sth S126c","S126c_Teaching Room","PROPSERV","15","4503599627370495","","``","","`+all`","","`$Area:Economics$:$0$`"
"10162","Hughes 220 Computer Suite","220_Computer Suite","PSYCHOLOGY","35","4503599627370495","","``","","`PSYCHOLOGY`;`PROPSERV`;`HEALTHSCI`;`HLTHSCFO`;`COORDINATOR`","",""
"10112","Engineering Nth N218","N218_Teaching Room","PROPSERV","30","4503599627370495","","``","","`+all`","",""
"10125","Engineering Sth S311c Mechatronics Laboratory","S311c_Laboratory","MECHENG","26","4503599627370495","","``","","`PROPSERV`;`COORDINATOR`","",""
"10126","Engineering Sth S311b Control Laboratory","S311b_Laboratory","MECHENG","19","4503599627370495","","``","","`PROPSERV`;`COORDINATOR`","",""
"10143","Hartley 108a","108a_Teaching Room","ELDERCON","30","4503599627370495","","``","","`PHILOSOPHY`;`H&SSFO`;`SOCIALINQ`;`PROPSERV`;`ASIANSTD`;`ANTHROPLGY`;`POLITICS`;`HISTORY`;`GEOG&ENV`;`ENGLISH`;`LOP`;`ARTS`;`SPANISH`;`MEDIA`;`LINGUISTIC`;`GERMANSTUD`;`FRENCHSTUD`;`CLASSICS`;`ARTHIST`;`CASM`;`SCHSOCSCI`;`SCHHUMS`;`HUM&SOCSCI`;`EDUCS`;`COORDINATOR`","",""
"10144","Hartley 108b","108b_Teaching Room","ELDERCON","25","4503599627370495","","``","","`PHILOSOPHY`;`H&SSFO`;`SOCIALINQ`;`PROPSERV`;`ASIANSTD`;`ANTHROPLGY`;`POLITICS`;`HISTORY`;`GEOG&ENV`;`ENGLISH`;`LOP`;`ARTS`;`SPANISH`;`MEDIA`;`LINGUISTIC`;`GERMANSTUD`;`FRENCHSTUD`;`CLASSICS`;`ARTHIST`;`CASM`;`SCHSOCSCI`;`SCHHUMS`;`HUM&SOCSCI`;`EDUCS`;`COORDINATOR`","",""
"10159","Hughes 113","113_Teaching Room","PROPSERV","40","4503599627370495","","``","","`+all`","",""
"10165","Hughes 305 Psychology Suite","305_Psychology Suite","PSYCHOLOGY","17","4503599627370495","","``","","`PSYCHOLOGY`;`PROPSERV`;`HEALTHSCI`;`HLTHSCFO`;`COORDINATOR`","",""
"10198","Ligertwood 214 Piper Alderman Room","214_Piper Alderman Room","PROPSERV","30","4503599627370495","","`Updated room access for Faculty of Professions - 21/10/2016`","","`+all`","",""
"10199","Ligertwood 216 Sarawak Room","216_Sarawak Room","PROPSERV","30","4503599627370495","","`Updated room access for Faculty of Professions - 21/10/2016`","","`+all`","",""
"10200","Ligertwood 228","228_Teaching Room","PROPSERV","30","4503599627370495","","`Updated room access for Faculty of Professions - 21/10/2016`","","`+all`","",""
"10202","Ligertwood 314 Flinders Room","314_Flinders Room","PROPSERV","30","4503599627370495","","`Updated room access for Faculty of Professions - 21/10/2016`","","`+all`","",""
"10883","Hughes 323","323_Teaching Room","PROPSERV","48","4503599627370495","","``","","`+all`","",""
"10218","Madley B22 Practice Room","B22_Practice Room","ELDERCON","50","4503599627370495","","``","","`PROPSERV`;`CASM`;`COORDINATOR`","",""
"10232","Mawson 122 Madigan Room","122_Madigan Room","PROPSERV","96","4503599627370495","","``","","`+all`","",""
"10263","Medical School Sth S106a","S106a_Teaching Room","PROPSERV","10","4503599627370495","","``","","`+all`","",""
"10264","Medical School Sth S106b","S106b_Teaching Room","PROPSERV","10","4503599627370495","","``","","`+all`","",""
"10265","Medical School Sth S106c","S106c_Teaching Room","PROPSERV","10","4503599627370495","","``","","`+all`","",""
"10266","Medical School Sth S106d","S106d_Teaching Room","PROPSERV","10","4503599627370495","","``","","`+all`","",""
"10277","Medical School Sth S118 Computer Suite","S118_Computer Suite","MEDICINE","39","4503599627370495","","``","","`COORDINATOR`;`HEALTHSCI`;`MEDICINE`;`PUBLICHLTH`;`PROPSERV`;`DENTISTRY`;`ORALHLTH`;`MEDSPEC`;`MEDSCI`;`DENTAL`;`HLTHSCFO`","",""
"10288","Medical School Sth S512","S512_Teaching Room","MEDICINE","47","4503599627370495","","`GEN PRAC Activities Set up to Allow MedSchool South S512 Booking, added department of Public Health and General Practice as of 1st Feb 2016 for Ryan Rosner`","","`COORDINATOR`;`HEALTHSCI`;`PUBLICHLTH`;`PROPSERV`;`GENPRAC`;`DENTISTRY`;`ORALHLTH`;`MEDSCI`;`DENTAL`;`SCHBIOSCI`;`HLTHSCFO`","",""
"10373","Barr Smith South 1059 Computer Suite","1059_Computer Suite","HEALTHSCI","60","4503599627370495","","`Added the School of Nursing to the room - 24/2/2016`","","`MEDICINE`;`PUBLICHLTH`;`PSYCHOLOGY`;`PROPSERV`;`CLINNURSE`;`MEDSCI`;`HLTHSCFO`;`COORDINATOR`","",""
"10374","Barr Smith South 1060 Computer Suite","1060_Computer Suite","HEALTHSCI","50","4503599627370495","","`Added the School of Nursing to the room - 24/2/2016`","","`MEDICINE`;`PUBLICHLTH`;`PSYCHOLOGY`;`PROPSERV`;`CLINNURSE`;`MEDSCI`;`HLTHSCFO`;`COORDINATOR`","",""
"10376","Barr Smith South 1063 Computer Suite","1063_Computer Suite","HEALTHSCI","60","4503599627370495","","`Added the School of Nursing to the room - 24/2/2016`","","`MEDICINE`;`PUBLICHLTH`;`PSYCHOLOGY`;`PROPSERV`;`CLINNURSE`;`MEDSCI`;`HLTHSCFO`;`COORDINATOR`","",""
"10882","Hughes 111a","111a_Teaching Room","PROPSERV","36","4503599627370495","","``","","`+all`","",""
"10881","Hughes 111b","111b_Teaching Room","PROPSERV","36","4503599627370495","","``","","`+all`","",""
"10500","Badger LG17","LG17_Teaching Room","PROPSERV","48","4503599627370495","","``","","`+all`","",""
"10501","Johnson 106 First Year Laboratory","106_Laboratory","SCHPHYSCI","72","4503599627370495","","``","","`PROPSERV`;`COORDINATOR`","",""
"10503","Johnson 118 Laboratory","118_Laboratory","SCHPHYSCI","60","4503599627370495","","``","","`PROPSERV`;`COORDINATOR`","",""
"10510","Molecular Life Sciences G08 Laboratory","G08_Laboratory","SCHBIOSCI","60","4503599627370495","","``","","`PROPSERV`;`SCIENCE`;`COORDINATOR`","",""
"10523","Engineering Nth NG06 Machines Laboratory","NG06_Laboratory","ELECENG","20","4503599627370495","","``","","`PROPSERV`;`COORDINATOR`","",""
"10547","Medical School Sth SB02 Dissecting Laboratory","SB02_Laboratory","MEDICINE","140","4503599627370495","","``","","`PROPSERV`;`ORALHLTH`;`MEDSCI`;`DENTAL`;`HEALTHSCI`;`HLTHSCFO`;`COORDINATOR`","",""
"10241","Mawson G18b Field Geology Room","G18b_Field Geology Room","PROPSERV","20","4503599627370495","","``","","`COORDINATOR`;`PROPSERV`;`SCHPHYSCI`","",""
"10297","Napier 106 Social Sciences Computer Suite","106_Computer Suite","HUM&SOCSCI","25","4503599627370495","","``","","`COORDINATOR`;`PHILOSOPHY`;`H&SSFO`;`SOCIALINQ`;`PROPSERV`;`ASIANSTD`;`ANTHROPLGY`;`POLITICS`;`HISTORY`;`GEOG&ENV`;`ENGLISH`;`ELDERCON`;`LOP`;`ARTS`;`MEDIA`;`LINGUISTIC`;`GERMANSTUD`;`FRENCHSTUD`;`CLASSICS`;`SCHSOCSCI`;`EDUCS`","",""
"10102","Engineering Nth N214 Materials Engineering UG Laboratory","N214_Laboratory","CHEMENG","18","4503599627370495","","``","","`PROPSERV`;`MECHENG`;`COORDINATOR`","",""
"10115","Engineering Nth NG31 Stress Analysis Laboratory","NG31_Laboratory","CIV&ENVENG","30","4503599627370495","","``","","`PROPSERV`;`COORDINATOR`","",""
"10296","Napier 107 Languages Computer Suite","107_Computer Suite","HUM&SOCSCI","40","4503599627370495","","``","","`COORDINATOR`;`PHILOSOPHY`;`H&SSFO`;`SOCIALINQ`;`PROPSERV`;`ASIANSTD`;`ANTHROPLGY`;`POLITICS`;`HISTORY`;`GEOG&ENV`;`ENGLISH`;`ELDERCON`;`LOP`;`ARTS`;`SPANISH`;`MEDIA`;`LINGUISTIC`;`GERMANSTUD`;`FRENCHSTUD`;`CLASSICS`;`SCHSOCSCI`;`SCHHUMS`;`EDUCS`","",""
"10044","Badger G10 Laboratory","G10_Laboratory","SCHPHYSCI","30","4503599627370495","","``","","`PROPSERV`;`COORDINATOR`","",""
"10331","Lower Napier LG14","LG14_Teaching Room","PROPSERV","32","4503599627370495","","``","","`+all`","","`$Area:Commerce$:$0$`"
"10294","Mitchell 106 Edgeloe Room","106_Edgeloe Room","PROPSERV","31","4503599627370495","","``","","`+all`","","`$Type:Non Teaching Venue_12$:$0$`"
"10390","Barr Smith South 3022 Polygon Lecture Theatre","3022_Polygon Lecture Theatre","PROPSERV","83","4503599627370495","","``","","`+all`","","`$Area:Health Sciences$:$0$`;`$Area:Commerce$:$0$`;`$Area:Science Genetics$:$0$`;`$Area:Science Environmental Biology$:$0$`;`$Area:Law$:$0$`"
"10379","Barr Smith South 3029 Flentje Lecture Theatre","3029_Flentje Lecture Theatre","PROPSERV","312","4503599627370495","","``","","`+all`","","`$Area:Math Pure&App02$:$0$`;`$Area:Math Statistics02$:$0$`;`$Area:FacultyArts$:$0$`;`$Area:Math Statistics$:$0$`;`$Area:Math Pure&App$:$0$`;`$Area:Law$:$0$`"
"10362","Physics 103 Kerr Grant Lecture Theatre","103_Kerr Grant Lecture Theatre","PROPSERV","200","4503599627370495","","``","","`+all`","","`$Area:Math Pure&App02$:$0$`;`$Area:Math Statistics02$:$0$`;`$Area:FacultyArts$:$0$`;`$Area:Psychology$:$0$`;`$Area:Computer Science$:$0$`;`$Area:Architecture$:$0$`;`$Area:Commerce$:$0$`;`$Area:Math Statistics$:$0$`;`$Area:Math Pure&App$:$0$`;`$Area:Law$:$0$`;`$Area:Engineering Level 1$:$0$`"
"10341","Lower Napier LG29 Lecture Theatre","LG29_Lecture Theatre","PROPSERV","143","4503599627370495","","``","","`+all`","","`$Area:FacultyArts$:$0$`;`$Area:Psychology$:$0$`;`$Area:Health Sciences$:$0$`;`$Area:Computer Science$:$0$`;`$Area:Commerce$:$0$`;`$Area:Engineering Mechanical$:$0$`;`$Area:Law$:$0$`;`$Area:Engineering Electrical$:$0$`"
"10340","Lower Napier LG28 Lecture Theatre","LG28_Lecture Theatre","PROPSERV","96","4503599627370495","","``","","`+all`","","`$Area:FacultyArts$:$0$`;`$Area:Psychology$:$0$`;`$Area:Health Sciences$:$0$`;`$Area:Architecture$:$0$`;`$Area:Commerce$:$0$`;`$Area:Engineering Mechanical$:$0$`;`$Area:Law$:$0$`;`$Area:Engineering Electrical$:$0$`"
"10339","Lower Napier LG24","LG24_Teaching Room","PROPSERV","50","4503599627370495","","``","","`+all`","","`$Area:Psychology$:$0$`;`$Area:Health Sciences$:$0$`;`$Area:Commerce$:$0$`;`$Area:Science Biochemistry$:$0$`;`$Area:Engineering Mechanical$:$0$`;`$Area:Law$:$0$`;`$Area:Engineering Electrical$:$0$`"
"10338","Lower Napier LG23","LG23_Teaching Room","PROPSERV","32","4503599627370495","","``","","`+all`","","`$Area:Psychology$:$0$`;`$Area:Health Sciences$:$0$`;`$Area:Commerce$:$0$`;`$Area:Science Biochemistry$:$0$`;`$Area:Engineering Mechanical$:$0$`;`$Area:Law$:$0$`;`$Area:Engineering Electrical$:$0$`"
"10337","Lower Napier LG21","LG21_Teaching Room","PROPSERV","24","4503599627370495","","``","","`+all`","","`$Area:Psychology$:$0$`;`$Area:Health Sciences$:$0$`;`$Area:Commerce$:$0$`;`$Area:Engineering Mechanical$:$0$`;`$Area:Law$:$0$`;`$Area:Engineering Electrical$:$0$`"
"10335","Lower Napier LG19","LG19_Teaching Room","PROPSERV","20","4503599627370495","","``","","`+all`","","`$Area:Psychology$:$0$`;`$Area:Health Sciences$:$0$`;`$Area:Commerce$:$0$`;`$Area:Engineering Mechanical$:$0$`;`$Area:Law$:$0$`;`$Area:Engineering Electrical$:$0$`"
"10334","Lower Napier LG18","LG18_Teaching Room","PROPSERV","20","4503599627370495","","``","","`+all`","","`$Area:Psychology$:$0$`;`$Area:Health Sciences$:$0$`;`$Area:Commerce$:$0$`;`$Area:Engineering Mechanical$:$0$`;`$Area:Law$:$0$`;`$Area:Engineering Electrical$:$0$`"
"10332","Lower Napier LG15","LG15_Teaching Room","PROPSERV","28","4503599627370495","","``","","`+all`","","`$Area:Psychology$:$0$`;`$Area:Health Sciences$:$0$`;`$Area:Commerce$:$0$`;`$Area:Engineering Mechanical$:$0$`;`$Area:Law$:$0$`;`$Area:Engineering Electrical$:$0$`"
"10329","Lower Napier LG11","LG11_Teaching Room","PROPSERV","20","4503599627370495","","``","","`+all`","","`$Area:Psychology$:$0$`;`$Area:Health Sciences$:$0$`;`$Area:Commerce$:$0$`;`$Area:Engineering Mechanical$:$0$`;`$Area:Law$:$0$`;`$Area:Engineering Electrical$:$0$`"
"10328","Lower Napier LG09","LG09_Teaching Room","PROPSERV","20","4503599627370495","","``","","`+all`","","`$Area:Psychology$:$0$`;`$Area:Health Sciences$:$0$`;`$Area:Commerce$:$0$`;`$Area:Engineering Mechanical$:$0$`;`$Area:Law$:$0$`;`$Area:Engineering Electrical$:$0$`"
"10324","Napier G04 Lecture Theatre","G04_Lecture Theatre","PROPSERV","166","4503599627370495","","``","","`+all`","","`$Area:FacultyArts$:$0$`;`$Area:Psychology$:$0$`;`$Area:Health Sciences$:$0$`;`$Area:Computer Science$:$0$`;`$Area:Architecture$:$0$`;`$Area:Science Biochemistry$:$0$`;`$Area:Engineering Mechanical$:$0$`;`$Area:Law$:$0$`"
"10323","Napier G03 Lecture Theatre","G03_Lecture Theatre","PROPSERV","119","4503599627370495","","``","","`+all`","","`$Area:FacultyArts$:$0$`;`$Area:Psychology$:$0$`;`$Area:Health Sciences$:$0$`;`$Area:Science Biochemistry$:$0$`;`$Area:Engineering Mechanical$:$0$`;`$Area:Law$:$0$`"
"10304","Napier 210","210_Teaching Room","PROPSERV","35","4503599627370495","","``","","`+all`","","`$Area:Psychology$:$0$`;`$Area:Health Sciences$:$0$`;`$Area:Economics$:$0$`;`$Area:Engineering Mechanical$:$0$`;`$Area:Law$:$0$`;`$Area:Engineering Electrical$:$0$`"
"10303","Napier 209 Lecture Theatre","209_Lecture Theatre","PROPSERV","79","4503599627370495","","``","","`+all`","","`$Area:Psychology$:$0$`;`$Area:Health Sciences$:$0$`;`$Area:Economics$:$0$`;`$Area:Engineering Mechanical$:$0$`;`$Area:Law$:$0$`;`$Area:Engineering Electrical$:$0$`"
"10302","Napier 208 Lecture Theatre","208_Lecture Theatre","PROPSERV","79","4503599627370495","","``","","`+all`","","`$Area:Psychology$:$0$`;`$Area:Health Sciences$:$0$`;`$Area:Economics$:$0$`;`$Area:Engineering Mechanical$:$0$`;`$Area:Law$:$0$`;`$Area:Engineering Electrical$:$0$`"
"10295","Napier 102 Lecture Theatre","102_Lecture Theatre","PROPSERV","289","4503599627370495","","``","","`+all`","","`$Area:FacultyArts$:$0$`;`$Area:Psychology$:$0$`;`$Area:Health Sciences$:$0$`;`$Area:Engineering Mechanical$:$0$`;`$Area:Law$:$0$`"
"10292","Medical School Sth SG16 Stirling Lecture Theatre","SG16_Stirling Lecture Theatre","PROPSERV","198","4503599627370495","`$fffffe0000000$:$7f$:$fffffffffff$:$0$:$1320$`","``","","`+all`","","`$Area:Commerce$:$0$`;`$Area:Science Genetics$:$0$`;`$Area:Science Biochemistry$:$0$`;`$Area:Economics$:$0$`"
"10282","Medical School Sth S127","S127_Teaching Room","HEALTHSCI","75","4503599627370495","","``","","`COORDINATOR`;`HEALTHSCI`;`MEDICINE`;`PUBLICHLTH`;`PROPSERV`;`CLINNURSE`;`DENTISTRY`;`DENTALSCH`;`ORALHLTH`;`MEDSPEC`;`MEDSCI`;`DENTAL`;`SCHPHCP`;`SCHMEDIC`;`SCHBIOSCI`;`HLTHSCFO`","","`$Area:Science Biochemistry$:$0$`"
"10278","Medical School Sth S125 Clinical Skills Laboratory","S125_Laboratory","MEDICINE","30","4503599627370495","","``","","`PROPSERV`;`HEALTHSCI`;`HLTHSCFO`;`COORDINATOR`","",""
"10203","Ligertwood 333 Lecture Theatre","333_Lecture Theatre","PROPSERV","223","4503599627370495","","``","","`+all`","","`$Area:FacultyArts$:$0$`;`$Area:Commerce$:$0$`;`$Area:Economics$:$0$`"
"10201","Ligertwood 231 Lecture Theatre","231_Lecture Theatre","PROPSERV","80","4503599627370495","","``","","`+all`","","`$Area:FacultyArts$:$0$`;`$Area:Commerce$:$0$`;`$Area:Economics$:$0$`"
"10186","Johnson G29 Rennie Lecture Theatre","G29_Rennie Lecture Theatre","PROPSERV","250","4503599627370495","","``","","`+all`","","`$Area:Math Pure&App02$:$0$`;`$Area:Math Statistics02$:$0$`;`$Area:Commerce$:$0$`;`$Area:Math Statistics$:$0$`;`$Area:Math Pure&App$:$0$`;`$Area:Engineering Civil & Env$:$0$`;`$Area:Engineering Mechanical$:$0$`;`$Area:Law$:$0$`;`$Area:Engineering Level 1$:$0$`"
"10167","Hughes 309 Hughes Lecture Theatre","309_Hughes Lecture Theatre","PROPSERV","149","4503599627370495","","``","","`+all`","","`$Area:Math Pure&App02$:$0$`;`$Area:Math Statistics02$:$0$`;`$Area:FacultyArts$:$0$`;`$Area:Commerce$:$0$`;`$Area:Math Statistics$:$0$`;`$Area:Math Pure&App$:$0$`;`$Area:Economics$:$0$`;`$Area:Engineering Civil & Env$:$0$`;`$Area:Law$:$0$`"
"10118","Engineering Sth S112","S112_Teaching Room","PROPSERV","136","4503599627370495","","``","","`+all`","","`$Area:Economics$:$0$`;`$Area:Law$:$0$`"
"10117","Engineering Sth S111","S111_Teaching Room","PROPSERV","90","4503599627370495","","``","","`+all`","","`$Area:Computer Science$:$0$`;`$Area:Economics$:$0$`;`$Area:Law$:$0$`"
"10108","Engineering Nth N132","N132_Teaching Room","PROPSERV","60","4503599627370495","","``","","`+all`","","`$Area:Computer Science$:$0$`"
"10057","Darling West G14 Darling West Lecture Theatre","G14_Darling West Lecture Theatre","PROPSERV","236","4503599627370495","","``","","`+all`","","`$Area:Math Pure&App02$:$0$`;`$Area:Psychology$:$0$`;`$Area:Architecture$:$0$`;`$Area:Math Pure&App$:$0$`;`$Area:Engineering Civil & Env$:$0$`;`$Area:Law$:$0$`"
"10242","Mawson G19 Mawson Lecture Theatre","G19_Mawson Lecture Theatre","PROPSERV","235","4503599627370495","","``","","`+all`","","`$Area:Math Pure&App02$:$0$`;`$Area:Math Statistics02$:$0$`;`$Area:Commerce$:$0$`;`$Area:Math Statistics$:$0$`;`$Area:Math Pure&App$:$0$`;`$Area:Law$:$0$`;`$Area:Engineering Electrical$:$0$`;`$Area:Engineering Level 1$:$0$`"
"10499","Badger G31 Macbeth Lecture Theatre","G31_Macbeth Lecture Theatre","PROPSERV","121","4503599627370495","","``","","`+all`","","`$Area:Commerce$:$0$`;`$Area:Science Physics$:$0$`;`$Area:Law$:$0$`"
"10050","Benham G10 Benham Lecture Theatre","G10_Benham Lecture Theatre","PROPSERV","95","4503599627370495","","``","","`+all`","","`$Area:Architecture$:$0$`;`$Area:Commerce$:$0$`;`$Area:Science Geology$:$0$`;`$Area:Engineering Civil & Env$:$0$`;`$Area:Law$:$0$`"
"10101","Engineering Nth N158 Chapman Lecture Theatre","N158_Chapman Lecture Theatre","PROPSERV","210","4503599627370495","","``","","`+all`","","`$Area:Math Pure&App02$:$0$`;`$Area:Math Statistics02$:$0$`;`$Area:Computer Science$:$0$`;`$Area:Commerce$:$0$`;`$Area:Math Statistics$:$0$`;`$Area:Math Pure&App$:$0$`;`$Area:Economics$:$0$`;`$Area:Law$:$0$`"
"10153","Horace Lamb 1022 Horace Lamb Lecture Theatre","1022_Horace Lamb Lecture Theatre","PROPSERV","259","4503599627370495","","``","","`+all`","","`$Area:FacultyArts$:$0$`;`$Area:Architecture$:$0$`;`$Area:Commerce$:$0$`;`$Area:Law$:$0$`"
"10291","Medical School Sth SG15 Hone Lecture Theatre","SG15_Hone Lecture Theatre","PROPSERV","198","4503599627370495","","``","","`+all`","","`$Area:Commerce$:$0$`;`$Area:Science Genetics$:$0$`;`$Area:Science Biochemistry$:$0$`;`$Area:Economics$:$0$`"
"10056","Bonython Hall G02 Bonython Hall","G02_Bonython Hall","PROPSERV","1000","4503599627370495","","``","","`+all`","",""
"10653","Schulz 308","308_Teaching Room","PROPSERV","65","4503599627370495","","``","","`+all`","","`$Area:Science Biochemistry$:$0$`;`$Area:Economics$:$0$`"
"10330","Lower Napier LG12","LG12_Teaching Room","PROPSERV","22","4503599627370495","","``","","`+all`","","`$Area:Psychology$:$0$`;`$Area:Health Sciences$:$0$`;`$Area:Commerce$:$0$`;`$Area:Engineering Mechanical$:$0$`;`$Area:Law$:$0$`;`$Area:Engineering Electrical$:$0$`"
"10652","Schulz 307","307_Teaching Room","PROPSERV","65","4503599627370495","","``","","`+all`","","`$Area:Science Biochemistry$:$0$`;`$Area:Economics$:$0$`"
"10544","Charles Hawker 107 Charles Hawker Conference Centre","107_Conference Centre","PROPSERV","158","4503599627370495","","``","","`+all`","",""
"10911","Darling West B03/B04 Laboratory 1 & 2","B03/B04_Laboratory","SCHPHYSCI","36","4503599627370495","","``","","`PROPSERV`;`MECHENG`;`COORDINATOR`","",""
"10912","Darling West G06 Laboratory 3","G06_Laboratory","SCHPHYSCI","25","4503599627370495","","``","","`COORDINATOR`;`PROPSERV`;`SCHBIOSCI`","`10914`",""
"10913","Darling West G07 Laboratory 4","G07_Laboratory","SCHPHYSCI","25","4503599627370495","","``","","`COORDINATOR`;`PROPSERV`;`SCHBIOSCI`","`10914`",""
"2018","External: Bonython Fence","External_Non Teaching Venue","PROPSERV","1","4503599627370495","","``","","`+all`","","`$Type:Non Teaching Venue_12$:$0$`"
"10549","Elder Hall LG13 Bishop Hall","LG13_Bishop Hall","ELDERCON","50","4503599627370495","","``","","`PROPSERV`;`CASM`;`EDUCS`;`COORDINATOR`","",""
"10152","Hartley 112 Concert Room","112_Concert Room","ELDERCON","100","4503599627370495","","``","","`COORDINATOR`;`PROPSERV`;`CASM`;`EDUCS`","",""
"10626","TAFE Regency Park_2","TAFE2_TAFE Regency Park","PROPSERV","100","4503599627370495","","``","","`+all`","",""
"10625","TAFE Regency Park_1","TAFE1_TAFE Regency Park","PROPSERV","100","4503599627370495","","``","","`+all`","",""
"10590","Engineering Sth SG28 Testing Cell 2","SG28_Laboratory","MECHENG","10","4503599627370495","","``","","`PROPSERV`;`COORDINATOR`","",""
"2019","External: North Terrace Fence","External_Non Teaching Venue","PROPSERV","1","4503599627370495","","``","","`+all`","","`$Type:Non Teaching Venue_12$:$0$`"
"2020","External: Bonython Lawns","External_Non Teaching Venue","PROPSERV","500","4503599627370495","","``","","`+all`","","`$Type:Non Teaching Venue_12$:$0$`"
"2017","External: Johnson Lawns","External_Non Teaching Venue","PROPSERV","500","4503599627370495","","``","","`+all`","","`$Type:Non Teaching Venue_12$:$0$`"
"2016","External: Backstage Plaza","External_Non Teaching Venue","PROPSERV","500","4503599627370495","","``","","`+all`","","`$Type:Non Teaching Venue_12$:$0$`"
"2014","External: Wills Court","External_Non Teaching Venue","PROPSERV","500","4503599627370495","","``","","`+all`","","`$Type:Non Teaching Venue_12$:$0$`"
"2013","External: Walter Young Gardens","External_Non Teaching Venue","PROPSERV","500","4503599627370495","","``","","`+all`","","`$Type:Non Teaching Venue_12$:$0$`"
"2012","External: Underground Car Park","External_Non Teaching Venue","PROPSERV","500","4503599627370495","","``","","`+all`","","`$Type:Non Teaching Venue_12$:$0$`"
"2011","External: Pfitzner Court","External_Non Teaching Venue","PROPSERV","500","4503599627370495","","``","","`+all`","","`$Type:Non Teaching Venue_12$:$0$`"
"2010","External: North Terrace Front","External_Non Teaching Venue","PROPSERV","500","4503599627370495","","``","","`+all`","","`$Type:Non Teaching Venue_12$:$0$`"
"2009","External: Napier Foyer (LG)","External_Non Teaching Venue","PROPSERV","500","4503599627370495","","``","","`+all`","","`$Type:Non Teaching Venue_12$:$0$`"
"2008","External: Mitchell Foyer","External_Non Teaching Venue","PROPSERV","500","4503599627370495","","``","","`+all`","","`$Type:Non Teaching Venue_12$:$0$`"
"2006","External: Columbo Plan Alumni Court","External_Non Teaching Venue","PROPSERV","500","4503599627370495","","``","","`+all`","","`$Type:Non Teaching Venue_12$:$0$`"
"2005","External: Hughes Plaza","External_Non Teaching Venue","PROPSERV","500","4503599627370495","","``","","`+all`","","`$Type:Non Teaching Venue_12$:$0$`"
"2004","External: Goodman Crescent","External_Non Teaching Venue","PROPSERV","500","4503599627370495","","``","","`+all`","","`$Type:Non Teaching Venue_12$:$0$`"
"2003","External: Florey Foyer (1st Floor)","External_Non Teaching Venue","PROPSERV","500","4503599627370495","","``","","`+all`","","`$Type:Non Teaching Venue_12$:$0$`"
"2002","External: Cloisters","External_Non Teaching Venue","PROPSERV","500","4503599627370495","","``","","`+all`","","`$Type:Non Teaching Venue_12$:$0$`"
"2001","External: Barr Smith Lawns","External_Non Teaching Venue","PROPSERV","500","4503599627370495","","``","","`+all`","","`$Type:Non Teaching Venue_12$:$0$`"
"10478","Southern Barns Soils G2 Soils Laboratory","G2_Laboratory","SCHAG&WINE","48","4503599627370495","","``","","`SCIFO`;`PUREMATHS`;`PROPSERV`;`APPLMATHS`;`SCHVETSCI`;`SCHBIOSCI`;`SCHPHYSCI`;`SCINCESFO`;`SCIENCE`;`COORDINATOR`","",""
"10479","Southern Barns Sensory G2 Wine Sensory Laboratory","G2_Laboratory","SCHAG&WINE","60","4503599627370495","","``","","`SCIFO`;`PUREMATHS`;`PROPSERV`;`APPLMATHS`;`SCHVETSCI`;`SCHBIOSCI`;`SCHPHYSCI`;`SCINCESFO`;`SCIENCE`;`COORDINATOR`","",""
"10545","Southern Barns General G2/G3","G2/G3_Teaching Room","SCHAG&WINE","56","4503599627370495","","``","","`SCIFO`;`PUREMATHS`;`PROPSERV`;`APPLMATHS`;`SCHVETSCI`;`SCHBIOSCI`;`SCHPHYSCI`;`SCINCESFO`;`SCIENCE`;`COORDINATOR`","",""
"11028","Adelaide College Of Arts & Design_1","External_Adel College Arts & Design","PROPSERV","100","4503599627370495","","``","","`+all`","",""
"11115","Adelaide College Of Arts & Design_4","External_Adel College Arts & Design","PROPSERV","100","4503599627370495","","``","","`+all`","",""
"11114","Adelaide College Of Arts & Design_3","External_Adel College Arts & Design","PROPSERV","100","4503599627370495","","``","","`+all`","",""
"11113","Adelaide College Of Arts & Design_2","External_Adel College Arts & Design","PROPSERV","100","4503599627370495","","``","","`+all`","",""
